code_insee,nom_commune,lon,lat,score_tension,dep
75056,Paris,2.3616277049180328,48.85022147540984,0.0,75
77322,Moussy-le-Neuf,2.610680566037736,49.072233396226416,86.5,77
77323,Moussy-le-Vieux,2.6209364705882354,49.04711852941176,85.9,77
77333,Nemours,2.712964565217391,48.257905217391304,67.4,77
77389,La Rochette,2.6622672972972974,48.50396216216216,79.8,77
77152,Dammarie-les-Lys,2.6224481818181817,48.51640181818182,82.6,77
77255,Livry-sur-Seine,2.6882985714285716,48.506012857142856,87.1,77
77039,Boissise-la-Bertrand,2.5941209375,48.5330384375,71.9,77
77002,Amillis,3.1410145588235294,48.73303294117647,66.7,77
77013,Aulnoy,3.0869225423728817,48.85084949152542,67.2,77
77018,Bailly-Romainvilliers,2.8170497872340428,48.84387510638298,72.9,77
77024,Bassevelle,3.276508490566038,48.920373207547165,83.4,77
77042,Boissy-le-Châtel,3.1399303571428567,48.826714464285715,77.3,77
77057,Bussières,3.2352701923076923,48.92701076923077,81.3,77
77063,La Celle-sur-Morin,2.97072,48.800821428571425,79.0,77
77070,Chailly-en-Brie,3.1329813888888887,48.78984083333333,61.9,77
77078,Chamigny,3.137500833333333,48.98506833333333,70.9,77
77084,Changis-sur-Marne,3.0270809756097563,48.96691219512195,75.4,77
77106,Chauffry,3.177178478260869,48.82286847826087,75.3,77
77111,Chessy,2.7708512903225806,48.87149741935484,72.9,77
77113,Chevru,3.192930454545454,48.73619242424242,70.4,77
77117,Citry,3.245850322580645,48.96048806451613,85.7,77
77131,Coulommiers,3.0922141379310344,48.81209310344828,69.5,77
77132,Coupvray,2.7921215,48.88843425,80.0,77
77151,Dagny,3.1633935416666668,48.713775416666664,71.7,77
77154,Dammartin-sur-Tigeaux,2.909047575757576,48.810897272727274,83.6,77
77176,Faremoutiers,3.0009975555555557,48.778733333333335,70.7,77
77181,Ferrières-en-Brie,2.7098025,48.81912833333333,43.7,77
77183,La Ferté-sous-Jouarre,3.1323211627906975,48.952393139534884,75.1,77
77206,Giremoutiers,3.033228108108108,48.853788648648646,69.9,77
77219,Guérard,2.950601875,48.813345,79.2,77
77224,Hautefeuille,2.962386285714286,48.767324571428574,84.0,77
77238,Jouarre,3.118294206896552,48.90779593103448,70.0,77
77265,Luzancy,3.17888552631579,48.974175263157896,78.6,77
77268,Magny-le-Hongre,2.817309459459459,48.86511351351351,80.4,77
77270,Maisoncelles-en-Brie,2.9964358333333334,48.85740777777778,78.5,77
77278,Marolles-en-Brie,3.1616134285714286,48.772358857142855,68.3,77
77281,Mauperthuis,3.0376125000000003,48.7698395,66.7,77
77290,Méry-sur-Marne,3.202835454545455,48.97375636363637,79.9,77
77320,Mouroux,3.0516666216216217,48.82613445945946,68.7,77
77331,Nanteuil-sur-Marne,3.22096619047619,48.9789680952381,78.9,77
77360,Pézarches,2.98857775,48.743644,69.1,77
77361,Pierre-Levée,3.039255483870968,48.895374193548385,74.3,77
77371,Pommeuse,3.008022857142857,48.816443142857146,72.3,77
77374,Pontcarré,2.7055439393939396,48.79706303030303,58.1,77
77388,Reuil-en-Brie,3.163686458333333,48.954685833333336,75.1,77
77397,Saâcy-sur-Marne,3.212377647058824,48.95131431372549,79.9,77
77400,Saint-Augustin,3.0289524,48.7894198,63.1,77
77401,Sainte-Aulde,3.1730120408163263,49.00469591836734,75.1,77
77415,Saint-Jean-les-Deux-Jumeaux,3.0238306153846155,48.93967323076923,73.0,77
77433,Beautheil-Saints,3.060093209876543,48.75919098765432,72.1,77
77440,Sammeron,3.0755500000000002,48.940800833333334,69.8,77
77447,Seine-Port,2.5564148484848483,48.55348212121213,73.7,77
77448,Sept-Sorts,3.108422333333333,48.939705000000004,67.4,77
77449,Serris,2.788109696969697,48.84534242424242,64.3,77
77451,Signy-Signets,3.0606376190476188,48.91553126984127,64.3,77
77469,Touquin,3.033321818181818,48.7322189090909,76.1,77
77478,Ussy-sur-Marne,3.082372352941176,48.96830014705883,68.6,77
77508,Villeneuve-le-Comte,2.8308827777777776,48.81363648148148,67.8,77
77510,Villeneuve-Saint-Denis,2.7948735897435895,48.814118717948716,58.8,77
77038,Boissettes,2.613534444444445,48.52373166666667,76.2,77
77040,Boissise-le-Roi,2.5665299999999998,48.51501959183673,81.8,77
77065,Cély,2.523490476190476,48.45871404761905,70.3,77
77326,Nandy,2.5495658974358975,48.581066923076925,77.3,77
77495,Vert-Saint-Denis,2.628614516129032,48.56684112903226,62.5,77
77518,Villiers-en-Bière,2.5958548717948715,48.49263153846154,73.0,77
77136,Courquetaine,2.7437578846153845,48.68127961538461,85.9,77
77393,Rozay-en-Brie,2.9628574193548385,48.68362064516129,66.8,77
77180,Férolles-Attilly,2.6423444897959185,48.73542285714285,67.3,77
77215,Gretz-Armainvilliers,2.727286037735849,48.74798962264151,82.6,77
77249,Lésigny,2.616169423076923,48.74908980769231,65.0,77
77350,Ozoir-la-Ferrière,2.673832903225806,48.76492564516129,68.2,77
77470,Tournan-en-Brie,2.77396140625,48.7418753125,71.6,77
77471,Tousson,2.4552624137931036,48.34624465517241,74.3,77
77037,Bois-le-Roi,2.7036224324324323,48.48035891891892,69.0,77
77122,Combs-la-Ville,2.57438109375,48.66141015625,66.7,77
77001,Achères-la-Forêt,2.5617884444444443,48.34819644444444,82.4,77
77003,Amponville,2.5288155263157894,48.29216368421053,83.6,77
77004,Andrezel,2.800347,48.6118984,86.8,77
77041,Boissy-aux-Cailles,2.49283125,48.30906770833334,80.3,77
77052,Bréau,2.88136,48.558588125,82.0,77
77103,Châtillon-la-Borde,2.820571388888889,48.537975555555555,79.6,77
77179,Féricy,2.8018838461538462,48.463754871794876,77.2,77
77384,Réau,2.624037358490566,48.60900056603774,43.0,77
77419,Saint-Mammès,2.82018,48.386549090909085,72.0,77
77428,Saint-Ouen-en-Brie,2.9189475000000003,48.566613000000004,86.0,77
77463,Thomery,2.775565142857143,48.405292571428575,52.5,77
77482,Varennes-sur-Seine,2.931702181818182,48.36857454545454,56.8,77
77516,Ville-Saint-Jacques,2.898302244897959,48.3457793877551,63.4,77
77425,Saint-Martin-en-Bière,2.573277333333333,48.435845666666665,79.6,77
77446,Savins,3.205994736842105,48.50880894736842,79.3,77
77528,Voisenon,2.663270322580645,48.56989387096774,67.9,77
77022,Barbizon,2.599171935483871,48.44952516129032,73.8,77
77034,Blandy,2.7880577049180326,48.56031,85.1,77
77069,Chailly-en-Bière,2.614154736842105,48.471351929824564,73.9,77
77097,Chartronges,3.2605505263157895,48.75057131578947,82.2,77
77116,Choisy-en-Brie,3.2100721875,48.7601409375,75.4,77
77162,Doue,3.169667101449275,48.87553898550725,77.2,77
77240,Jouy-sur-Morin,3.2717062711864404,48.79776440677966,86.9,77
77250,Leudon-en-Brie,3.2676079411764705,48.72962617647059,82.2,77
77266,Machault,2.8450174137931032,48.45239344827586,81.3,77
77287,Meilleray,3.4195956363636366,48.797152,81.5,77
77306,Montereau-sur-le-Jard,2.6721104651162793,48.595676279069764,73.4,77
77345,Orly-sur-Morin,3.2252102380952383,48.900086190476195,88.3,77
77398,Sablonnières,3.293740338983051,48.877966101694916,93.0,77
77411,Saint-Germain-sous-Doue,3.1359866666666663,48.85170490196078,80.0,77
77412,Saint-Germain-sur-École,2.5102360714285714,48.475052500000004,72.3,77
77417,Saint-Léger,3.2689745454545456,48.84265431818182,93.0,77
77424,Saint-Martin-du-Boschet,3.427506984126984,48.73529873015873,93.0,77
77432,Saint-Rémy-de-la-Vanne,3.2436736842105263,48.81210561403508,76.3,77
77436,Saint-Siméon,3.1945372222222224,48.80885,70.7,77
77442,Samoreau,2.774223333333333,48.41984545454545,59.0,77
77472,La Trétoire,3.241183770491803,48.88072016393443,93.0,77
77012,Augers-en-Brie,3.348448,48.668260363636364,93.0,77
77020,Bannost-Villegagnon,3.191808923076923,48.673433230769234,86.3,77
77026,Beauchery-Saint-Martin,3.425062089552239,48.59959283582089,85.5,77
77032,Beton-Bazoches,3.2438271212121212,48.70447363636364,81.0,77
77033,Bezalles,3.240700357142857,48.66721178571429,87.2,77
77036,Boisdon,3.226522777777778,48.6773825,85.9,77
77043,Boitron,3.2617480645161288,48.89603774193549,90.8,77
77060,Buthiers,2.4567109433962266,48.28657339622641,75.3,77
77066,Cerneux,3.347397285714286,48.70647114285714,93.0,77
77068,Cessoy-en-Montois,3.1377215625,48.506001875,79.4,77
77072,Chalautre-la-Grande,3.4456660714285716,48.54963071428572,72.7,77
77073,Chalautre-la-Petite,3.306598928571429,48.525905,57.3,77
77076,Chalmaison,3.258739347826087,48.48892130434783,79.9,77
77080,Champcenest,3.279736896551724,48.66804896551724,81.4,77
77088,La Chapelle-la-Reine,2.568578644067797,48.31740016949153,74.8,77
77090,La Chapelle-Saint-Sulpice,3.17998,48.558371388888894,71.2,77
77096,Chartrettes,2.710448780487805,48.49454121951219,74.6,77
77109,Chenoise-Cucharmoy,3.193672702702703,48.621497567567566,76.1,77
77134,Courchamp,3.2917850943396223,48.64405132075472,80.4,77
77137,Courtacon,3.2911375,48.700157,88.9,77
77159,Donnemarie-Dontilly,3.1186983561643835,48.47940273972603,87.7,77
77161,Dormelles,2.8861100000000004,48.31388333333334,72.9,77
77167,Égligny,3.1255553086419754,48.43974728395062,89.2,77
77174,Everly,3.263790952380952,48.45883642857143,76.8,77
77197,Frétoy,3.20031358974359,48.70604410256411,80.9,77
77202,La Genevraye,2.752534901960784,48.314918235294115,59.8,77
77208,Gouaix,3.29390037037037,48.477426666666666,67.4,77
77216,Grez-sur-Loing,2.6872662000000003,48.3080232,48.9,77
77218,Grisy-sur-Seine,3.3180483333333335,48.44011875,85.1,77
77227,Hermé,3.349815918367347,48.482886122448974,60.6,77
77239,Jouy-le-Châtel,3.1470067692307695,48.671876000000005,84.6,77
77242,Jutigny,3.225861,48.49339,70.9,77
77244,Larchant,2.5996629508196722,48.290494754098354,76.8,77
77246,Léchelle,3.38881546875,48.56965359375,73.1,77
77252,Limoges-Fourches,2.6693844680851067,48.62808531914894,64.0,77
77256,Lizines,3.163008285714286,48.52932714285714,77.5,77
77260,Longueville,3.236666857142857,48.51479371428571,75.2,77
77262,Louan-Villegruis-Fontaine,3.4937798863636362,48.61775556818182,93.0,77
77263,Luisetaines,3.1876203333333333,48.462256333333336,90.1,77
77272,Maison-Rouge,3.150435238095238,48.555838095238094,66.3,77
77275,Les Marêts,3.3166166666666665,48.670767777777776,90.2,77
77289,Melz-sur-Seine,3.402378653846154,48.49535153846154,58.9,77
77298,Mons-en-Montois,3.1394290000000002,48.4914162,91.1,77
77301,Montceaux-lès-Provins,3.447495238095238,48.69640698412698,93.0,77
77302,Moncourt-Fromonville,2.712959047619048,48.29924166666667,51.5,77
77319,Mortery,3.2488304761904763,48.58988071428572,77.6,77
77325,Mouy-sur-Seine,3.2449857142857144,48.43223111111111,87.5,77
77341,Noyen-sur-Seine,3.344566440677966,48.45080288135593,68.3,77
77347,Les Ormes-sur-Voulzie,3.224924406779661,48.457722881355934,85.1,77
77355,Paroy,3.2010372727272727,48.47971909090909,77.7,77
77356,Passy-sur-Seine,3.342001739130435,48.42852782608696,79.7,77
77357,Pécy,3.065083571428571,48.64713089285714,82.0,77
77368,Poigny,3.276756862745098,48.54567823529411,70.0,77
77379,Provins,3.2886738235294115,48.56370661764706,71.0,77
77396,Rupéreux,3.3276946153846154,48.64255948717948,85.8,77
77403,Saint-Brice,3.3343136734693877,48.57048469387755,75.5,77
77404,Sainte-Colombe,3.257246785714286,48.53537839285714,68.7,77
77414,Saint-Hilliers,3.258537857142857,48.633444464285716,75.1,77
77416,Saint-Just-en-Brie,3.1226830769230767,48.60617192307692,87.6,77
77418,Saint-Loup-de-Naud,3.2211654901960785,48.536894705882354,69.8,77
77434,Saint-Sauveur-lès-Bray,3.2049944,48.436571400000005,87.5,77
77444,Sancy-lès-Provins,3.3918214285714288,48.7099507936508,93.0,77
77452,Sigy,3.163646486486486,48.47349756756757,90.1,77
77454,Sognolles-en-Montois,3.1493203999999997,48.52031,80.1,77
77456,Soisy-Bouy,3.2987710169491526,48.50917677966101,74.6,77
77459,Sourdun,3.357855964912281,48.540555614035085,58.9,77
77461,Thénisy,3.178087045454545,48.49017204545455,85.9,77
77486,Vaudoy-en-Brie,3.079091038961039,48.697430909090905,79.2,77
77496,Vieux-Champagne,3.1391597619047618,48.587093095238096,85.6,77
77519,Villiers-Saint-Georges,3.4117356626506026,48.65290939759036,92.8,77
77520,Villiers-sous-Grez,2.633599756097561,48.31663365853659,62.9,77
77522,Villiers-sur-Seine,3.383717049180328,48.45894229508197,73.2,77
77524,Vimpelles,3.1659395588235295,48.44144279411765,90.4,77
77530,Voulton,3.3353689552238803,48.61563,85.1,77
77532,Vulaines-lès-Provins,3.217415,48.56221232142857,63.3,77
77015,Baby,3.342402,48.393069,89.4,77
77019,Balloy,3.15098,48.39838861538461,92.8,77
77021,Barbey,3.04752,48.36579848484848,83.3,77
77025,Bazoches-lès-Bray,3.190314,48.40104985714285,90.2,77
77051,Bray-sur-Seine,3.2455187999999997,48.4169092,84.5,77
77054,La Brosse-Montceaux,3.023537076923077,48.33953076923077,68.7,77
77061,Cannes-Écluse,2.9947024561403506,48.36254754385965,68.1,77
77087,La Chapelle-Iger,2.9894770833333335,48.65089354166667,84.4,77
77098,Châteaubleau,3.1057516216216214,48.583374054054055,77.1,77
77101,Châtenay-sur-Seine,3.0958644642857145,48.41975428571429,85.6,77
77119,Clos-Fontaine,3.011756052631579,48.603292894736846,84.2,77
77133,Courcelles-en-Bassée,3.051879090909091,48.41238378787879,86.3,77
77140,Coutençon,2.997219090909091,48.47274545454545,80.0,77
77147,La Croix-en-Brie,3.071659135802469,48.59432320987654,82.6,77
77157,Dhuisy,3.162510163934426,49.03389885245902,83.3,77
77158,Diant,3.0026333333333333,48.29340944444444,90.9,77
77172,Esmans,2.96906109375,48.33890359375,65.2,77
77187,Fontaine-Fourches,3.3968063076923074,48.413100769230766,74.1,77
77190,Fontains,3.006785593220339,48.52192983050847,85.1,77
77201,Gastins,3.01924890625,48.62739953125,81.4,77
77211,Grandpuits-Bailly-Carrois,2.9771734615384613,48.58270923076923,82.8,77
77212,Gravon,3.1249047368421055,48.38902605263158,82.6,77
77223,Gurcy-le-Châtel,3.08025320754717,48.48644433962264,92.6,77
77236,Jaulnes,3.279687108433735,48.4177043373494,86.4,77
77245,Laval-en-Brie,2.974922028985507,48.452755072463766,73.9,77
77279,Marolles-sur-Seine,3.026660470588235,48.382906235294115,72.4,77
77286,Meigneux,3.096486666666667,48.51276875,89.9,77
77293,Misy-sur-Yonne,3.095073243243243,48.36393810810811,78.9,77
77304,Montenils,3.4773806896551727,48.83177482758621,44.4,77
77310,Montigny-le-Guesdier,3.2520789999999997,48.379501,90.9,77
77311,Montigny-Lencoup,3.057086417910448,48.45271149253731,83.7,77
77313,Montmachoux,2.9893560714285714,48.319739285714284,78.9,77
77321,Mousseaux-lès-Bray,3.2282227499999996,48.39691225,88.0,77
77327,Nangis,3.0109816883116887,48.55429194805195,85.3,77
77365,Le Plessis-Feu-Aussoux,3.043630857142857,48.71493971428571,82.6,77
77383,Rampillon,3.071387222222222,48.5395237037037,86.1,77
77391,Rouilly,3.2903062499999995,48.590174250000004,73.4,77
77409,Saint-Germain-Laval,2.997317804878049,48.409538536585366,75.0,77
77439,Salins,3.024678717948718,48.42714794871795,75.3,77
77467,La Tombe,3.0894396153846153,48.38638576923077,81.3,77
77481,Vanvillé,3.1138397872340424,48.554930638297876,79.3,77
77490,Vendrest,3.109051515151515,49.04256621212121,91.1,77
77507,Villenauxe-la-Petite,3.31100925,48.399679625,85.8,77
77509,Villeneuve-les-Bordes,3.0295096721311476,48.49789540983606,87.3,77
77523,Villuis,3.3584424444444445,48.40092266666667,83.3,77
77527,Voinsles,3.0204573170731708,48.680080731707314,73.1,77
77030,Bellot,3.328316231884058,48.84386956521739,93.0,77
77093,La Chapelle-Moutils,3.3785711764705884,48.7737155882353,93.0,77
77120,Cocherel,3.0979128571428567,49.018359464285716,78.5,77
77129,Coulombs-en-Valois,3.1275932954545453,49.076323409090904,91.3,77
77148,Crouy-sur-Ourcq,3.0832621428571425,49.08710083333333,84.9,77
77182,La Ferté-Gaucher,3.3080433333333334,48.79309892473118,87.3,77
77188,Fontaine-le-Port,2.771259649122807,48.48138929824562,74.5,77
77204,Germigny-sous-Coulombs,3.1593508,49.063745600000004,86.8,77
77228,Hondevilliers,3.311840357142857,48.90165214285714,93.0,77
77235,Jaignes,3.075637878787879,48.986112727272726,77.6,77
77247,Lescherolles,3.351285254237288,48.761619322033894,92.4,77
77280,Mary-sur-Marne,3.030132,49.015627599999995,80.1,77
77303,Montdauphin,3.4206823404255315,48.85366446808511,62.0,77
77314,Montolivet,3.43078625,48.82834607142858,62.0,77
77343,Ocquerre,3.057790666666667,49.03556893333333,80.1,77
77385,Rebais,3.233283939393939,48.85676742424243,84.9,77
77394,Rubelles,2.678180333333333,48.56428266666667,74.5,77
77402,Saint-Barthélemy,3.363134375,48.820152031250004,73.9,77
77405,Saint-Cyr-sur-Morin,3.174906582278481,48.91257544303797,84.1,77
77406,Saint-Denis-lès-Rebais,3.196695535714286,48.84424071428572,84.9,77
77421,Saint-Mars-Vieux-Maisons,3.3201890476190474,48.73777634920635,91.1,77
77423,Saint-Martin-des-Champs,3.3296588059701495,48.78653671641791,91.5,77
77429,Saint-Ouen-sur-Morin,3.2035084210526317,48.904534210526315,85.6,77
77460,Tancrou,3.080013225806452,49.004207096774195,79.0,77
77480,Valence-en-Brie,2.8921415,48.44556766666667,72.7,77
77492,Verdelot,3.3682077142857145,48.87802657142857,79.4,77
77512,Villeneuve-sur-Bellot,3.3340970689655176,48.873415517241384,93.0,77
77171,Esbly,2.8119106451612903,48.90249032258065,79.6,77
77476,Trocy-en-Multien,2.96304,49.040737441860465,72.8,77
77005,Annet-sur-Marne,2.703429180327869,48.9224362295082,70.3,77
77008,Armentières-en-Brie,3.009396666666667,48.977285625,86.6,77
77023,Barcy,2.8741572727272726,49.01827295454545,59.9,77
77047,Bouleurs,2.9083422222222226,48.88107711111111,69.5,77
77049,Boutigny,2.9300877586206897,48.912916034482755,77.4,77
77055,Brou-sur-Chantereine,2.6374644444444444,48.88988583333334,60.3,77
77058,Bussy-Saint-Georges,2.7178182089552236,48.828574626865674,56.4,77
77059,Bussy-Saint-Martin,2.67663,48.8455909375,55.6,77
77062,Carnetin,2.700650416666667,48.90437291666667,78.0,77
77075,Chalifert,2.7729871875,48.89783875,79.5,77
77077,Chambry,2.8871340425531917,48.99827021276596,63.2,77
77083,Champs-sur-Marne,2.5971455555555556,48.85252703703704,64.9,77
77085,Chanteloup-en-Brie,2.7393877272727276,48.85818636363637,68.2,77
77091,Les Chapelles-Bourbon,2.837790810810811,48.74456972972973,79.8,77
77094,Charmentray,2.781033611111111,48.951837499999996,60.8,77
77095,Charny,2.7546540425531916,48.970895744680845,70.7,77
77108,Chelles,2.59378359375,48.8820821875,76.9,77
77114,Chevry-Cossigny,2.6730708771929823,48.72091280701754,78.7,77
77118,Claye-Souilly,2.6812639705882355,48.94225044117647,61.0,77
77121,Collégien,2.677885625,48.8265371875,45.1,77
77123,Compans,2.656972162162162,48.987358108108104,64.9,77
77124,Conches-sur-Gondoire,2.7201305263157893,48.85850736842105,69.3,77
77125,Condé-Sainte-Libiaire,2.8353173076923075,48.89977538461539,91.6,77
77126,Congis-sur-Thérouanne,2.9794293103448277,49.01548551724138,82.6,77
77128,Couilly-Pont-aux-Dames,2.864950769230769,48.88219128205128,67.4,77
77130,Coulommes,2.927759090909091,48.8907896969697,74.3,77
77139,Courtry,2.600538695652174,48.91966782608696,56.1,77
77141,Coutevroult,2.8489074999999997,48.85364136363636,70.6,77
77142,Crécy-la-Chapelle,2.9248417647058824,48.85562823529411,70.6,77
77143,Crégy-lès-Meaux,2.8733538235294116,48.97618352941176,64.7,77
77144,Crèvecœur-en-Brie,2.907515666666667,48.75065366666667,86.9,77
77146,Croissy-Beaubourg,2.6495123333333335,48.814476,48.1,77
77150,Cuisy,2.7780988235294117,49.019584117647064,72.4,77
77153,Dammartin-en-Goële,2.676731666666667,49.05426383333334,64.6,77
77155,Dampmart,2.7428109677419354,48.894280967741935,93.0,77
77163,Douy-la-Ramée,2.8832495652173913,49.062380434782604,76.1,77
77169,Émerainville,2.60713696969697,48.82066393939394,53.4,77
77173,Étrépilly,2.9308574999999997,49.048020735294116,69.2,77
77177,Favières,2.7674792424242423,48.781225909090914,77.0,77
77193,Forfry,2.854504411764706,49.053146764705886,73.9,77
77196,Fresnes-sur-Marne,2.735088,48.943471,68.6,77
77199,Fublaines,2.94379972972973,48.93908513513513,86.3,77
77203,Germigny-l'Évêque,2.9579285416666665,48.98662791666666,68.5,77
77205,Gesvres-le-Chapitre,2.842036451612903,49.03322096774193,71.6,77
77209,Gouvernes,2.6920675862068966,48.85761310344827,60.0,77
77214,Gressy,2.6646825806451613,48.96610290322581,66.7,77
77221,Guermantes,2.7135608333333336,48.85232083333333,60.1,77
77225,La Haute-Maison,3.008311509433962,48.88410698113207,74.5,77
77229,La Houssaye-en-Brie,2.8662162264150943,48.75575320754717,86.0,77
77231,Isles-les-Meldeuses,3.0090378787878787,48.99835424242424,86.2,77
77232,Isles-lès-Villenoy,2.829413125,48.913735625,69.0,77
77233,Iverny,2.7889565384615387,48.997169615384614,66.9,77
77234,Jablines,2.76059,48.915327045454546,80.9,77
77237,Jossigny,2.763079069767442,48.831139302325575,62.3,77
77241,Juilly,2.7080609090909094,49.02132848484848,73.6,77
77243,Lagny-sur-Marne,2.7099605263157893,48.87183263157895,66.0,77
77248,Lesches,2.7925794594594593,48.914700270270274,69.7,77
77257,Lizy-sur-Ourcq,3.0201855555555555,49.03441055555555,79.1,77
77258,Lognes,2.633889565217391,48.83298695652174,52.9,77
77259,Longperrier,2.655765925925926,49.05208444444444,80.8,77
77264,Lumigny-Nesles-Ormeaux,2.954368148148148,48.72152580246913,73.2,77
77273,Marchémoret,2.753733846153846,49.05233692307692,65.0,77
77274,Marcilly,2.8811444897959184,49.03622000000001,66.3,77
77276,Mareuil-lès-Meaux,2.874049285714286,48.91857619047619,67.7,77
77282,Mauregard,2.5687062,49.026554,66.6,77
77283,May-en-Multien,3.0300547058823533,49.06923205882353,84.7,77
77284,Meaux,2.8954023333333336,48.95657583333333,65.9,77
77291,Le Mesnil-Amelot,2.5936481818181814,49.015297454545454,67.5,77
77292,Messy,2.6969079069767443,48.96704674418604,75.3,77
77294,Mitry-Mory,2.614830434782609,48.979067826086954,65.0,77
77300,Montceaux-lès-Meaux,2.9959490000000004,48.944659,76.7,77
77307,Montévrain,2.7537239393939394,48.86408818181818,74.4,77
77308,Montgé-en-Goële,2.7404160317460318,49.02686285714286,68.0,77
77309,Monthyon,2.8341915789473684,49.012642368421055,65.1,77
77315,Montry,2.8236329166666665,48.88665458333333,85.0,77
77318,Mortcerf,2.901428205128205,48.78416153846154,82.4,77
77330,Nanteuil-lès-Meaux,2.90117825,48.930307,70.6,77
77332,Nantouillet,2.70093,48.99967862068966,72.4,77
77335,Chauconin-Neufmontiers,2.8344459090909093,48.9704575,59.8,77
77336,Neufmoutiers-en-Brie,2.8274310606060604,48.77374712121212,84.2,77
77337,Noisiel,2.616231388888889,48.84661277777778,62.9,77
77344,Oissery,2.813191818181818,49.07017984848485,77.0,77
77349,Othis,2.649026612903226,49.08396854838709,80.3,77
77358,Penchard,2.8612573333333335,48.991228666666665,60.9,77
77363,Le Pin,2.6332562499999996,48.91578175,43.0,77
77364,Le Plessis-aux-Bois,2.768294705882353,49.003431176470585,72.5,77
77366,Le Plessis-l'Évêque,2.7925916129032258,49.00725806451613,63.9,77
77367,Le Plessis-Placy,2.9839275,49.053220714285715,82.4,77
77369,Poincy,2.923824666666667,48.973866666666666,63.7,77
77372,Pomponne,2.6742705405405403,48.886137567567566,57.1,77
77373,Pontault-Combault,2.612794927536232,48.78585043478261,64.7,77
77376,Précy-sur-Marne,2.7701578125,48.9333509375,80.2,77
77380,Puisieux,2.916390169491525,49.06166898305084,81.3,77
77382,Quincy-Voisins,2.8765168085106385,48.89942382978723,61.3,77
77390,Roissy-en-Brie,2.6558333333333333,48.78875407407408,74.0,77
77392,Rouvres,2.717608529411765,49.06393235294118,65.0,77
77408,Saint-Fiacre,2.952246785714286,48.923372500000006,71.0,77
77413,Saint-Germain-sur-Morin,2.8427374285714286,48.87405857142857,70.7,77
77420,Saint-Mard,2.6991272972972973,49.03951594594594,64.8,77
77427,Saint-Mesmes,2.7086545,48.98489025,75.9,77
77430,Saint-Pathus,2.786726136363636,49.074688181818175,78.5,77
77437,Saint-Soupplets,2.7971596,49.035781,75.3,77
77438,Saint-Thibault-des-Vignes,2.677907894736842,48.86149052631579,45.0,77
77443,Sancy,2.9602755172413793,48.88132724137931,74.7,77
77462,Thieux,2.6663724444444443,49.006456,71.1,77
77464,Thorigny-sur-Marne,2.711928787878788,48.894240606060606,82.2,77
77466,Tigeaux,2.897042727272727,48.82660212121212,82.3,77
77468,Torcy,2.6532,48.850642558139526,70.0,77
77474,Trilbardou,2.798895405405405,48.94688027027027,58.0,77
77475,Trilport,2.960615588235294,48.95519294117647,66.9,77
77479,Vaires-sur-Marne,2.6313327027027027,48.86897702702702,68.8,77
77483,Varreddes,2.927518181818182,49.004909090909095,66.9,77
77484,Vaucourtois,2.9557288461538462,48.899405,78.6,77
77498,Vignely,2.813213529411765,48.93147882352941,65.7,77
77505,Villemareuil,2.9803965853658534,48.921980975609756,72.4,77
77511,Villeneuve-sous-Dammartin,2.635065333333333,49.028308333333335,80.7,77
77513,Villenoy,2.850488076923077,48.943049615384616,59.5,77
77514,Villeparisis,2.6152694594594594,48.939213513513515,84.8,77
77515,Villeroy,2.7758497674418607,48.98600720930233,73.5,77
77517,Villevaudé,2.6622544,48.9133256,46.9,77
77521,Villiers-sur-Morin,2.867536888888889,48.85182022222222,70.7,77
77525,Vinantes,2.7383459375,49.003808125,75.3,77
77526,Vincy-Manœuvre,2.954624791666667,49.077206458333336,86.2,77
77529,Voulangis,2.8936694444444444,48.84231185185185,90.6,77
77269,Maincy,2.7050128205128208,48.55207512820513,85.3,77
77048,Bourron-Marlotte,2.699307380952381,48.33654285714286,58.8,77
77312,Montigny-sur-Loing,2.755672093023256,48.34044325581395,66.1,77
77485,Le Vaudoué,2.523426603773585,48.34585905660378,78.8,77
77145,Crisenoy,2.7438024074074074,48.60437759259259,75.0,77
77006,Arbonne-la-Forêt,2.5569111111111114,48.41421074074074,87.7,77
77007,Argentières,2.868958787878788,48.6520703030303,85.2,77
77010,Aubepierre-Ozouer-le-Repos,2.900646168224299,48.61827710280374,79.8,77
77014,Avon,2.7335183333333335,48.41198055555556,54.4,77
77029,Beauvoir,2.863439705882353,48.64360823529412,81.8,77
77031,Bernay-Vilbert,2.9294341538461537,48.675465230769234,65.2,77
77044,Bombon,2.8691260563380285,48.5676438028169,83.9,77
77053,Brie-Comte-Robert,2.616130760869565,48.68910130434783,72.9,77
77067,Cesson,2.5909237837837837,48.56640783783784,69.3,77
77079,Champagne-sur-Seine,2.8040883783783785,48.40595675675675,68.5,77
77081,Champdeuil,2.729694193548387,48.62126451612903,77.3,77
77082,Champeaux,2.8134446376811595,48.590093188405795,89.0,77
77086,La Chapelle-Gauthier,2.858929081632653,48.53172704081633,80.2,77
77089,La Chapelle-Rablais,2.962676935483871,48.50692274193548,82.9,77
77100,Le Châtelet-en-Brie,2.799641898734177,48.50160696202531,83.2,77
77104,Châtres,2.811953492063492,48.70792634920635,77.5,77
77107,Chaumes-en-Brie,2.8415226966292138,48.666555056179774,79.1,77
77127,Coubert,2.7117695918367346,48.67888551020408,86.2,77
77135,Courpalay,2.956172258064516,48.639960967741935,74.0,77
77138,Courtomer,2.8947807692307697,48.658270384615385,80.8,77
77164,Échouboulains,2.932256119402985,48.464880447761196,74.3,77
77165,Les Écrennes,2.8785079166666665,48.498479861111115,78.5,77
77175,Évry-Grégy-sur-Yerre,2.6416560227272727,48.65611511363636,46.7,77
77184,Flagy,2.917076041666667,48.309718124999996,77.2,77
77185,Fleury-en-Bière,2.5423475438596492,48.44793385964912,79.0,77
77186,Fontainebleau,2.692422347826087,48.41604060869565,61.0,77
77191,Fontenailles,2.9235564130434786,48.52555358695652,84.6,77
77192,Fontenay-Trésigny,2.8636660227272728,48.69814954545455,73.9,77
77194,Forges,2.945593783783784,48.42217864864865,65.4,77
77195,Fouju,2.7675470967741935,48.58901903225806,84.2,77
77210,La Grande-Paroisse,2.8944924137931034,48.3930543678161,73.3,77
77217,Grisy-Suisnes,2.67320802631579,48.67973802631579,88.5,77
77222,Guignes,2.8033193478260867,48.635406304347825,83.8,77
77226,Héricy,2.7865044680851065,48.44414978723404,73.5,77
77251,Lieusaint,2.5534536538461543,48.62765365384616,68.4,77
77253,Lissy,2.70198756097561,48.61771609756098,75.1,77
77254,Liverdy-en-Brie,2.7795057777777776,48.69693777777778,84.3,77
77277,Marles-en-Brie,2.880604736842105,48.725715438596495,77.0,77
77285,Le Mée-sur-Seine,2.631201212121212,48.54051666666667,85.0,77
77288,Melun,2.6586328,48.5432366,74.7,77
77295,Moisenay,2.7440537209302325,48.5651153488372,78.0,77
77296,Moissy-Cramayel,2.5941034782608696,48.624107826086956,74.0,77
77305,Montereau-Fault-Yonne,2.963251818181818,48.38790290909091,64.5,77
77316,Moret-Loing-et-Orvanne,2.8170732352941177,48.353236764705876,60.9,77
77317,Mormant,2.8829111290322578,48.59818709677419,81.4,77
77328,Nanteau-sur-Essonne,2.422501020408163,48.322387551020405,76.6,77
77338,Noisy-Rudignon,2.9356417142857145,48.33585542857143,67.6,77
77339,Noisy-sur-École,2.5030154929577466,48.37525070422535,81.6,77
77340,Nonville,2.7785597297297295,48.28887891891892,72.1,77
77352,Ozouer-le-Voulgis,2.7759474545454546,48.66342981818182,86.2,77
77354,Pamfou,2.8588186274509804,48.46693392156863,73.9,77
77359,Perthes,2.551256511627907,48.48080186046512,72.3,77
77377,Presles-en-Brie,2.7432541509433963,48.71016132075472,77.2,77
77378,Pringy,2.548421935483871,48.51825806451613,77.7,77
77381,Quiers,2.9617384126984128,48.61350936507936,77.1,77
77386,Recloses,2.644829111111111,48.33838266666666,64.0,77
77407,Saint-Fargeau-Ponthierry,2.5239525675675676,48.53769202702703,73.6,77
77410,Saint-Germain-Laxis,2.707236511627907,48.58959488372093,69.4,77
77426,Saint-Méry,2.8392133823529413,48.567584558823526,90.8,77
77435,Saint-Sauveur-sur-École,2.533163947368421,48.501014999999995,79.5,77
77441,Samois-sur-Seine,2.7516639285714284,48.455912857142856,62.1,77
77445,Savigny-le-Temple,2.571290980392157,48.585297843137255,78.3,77
77450,Servon,2.5907946511627906,48.714565813953485,47.4,77
77453,Sivry-Courtry,2.759146282051282,48.531283205128204,79.0,77
77455,Soignolles-en-Brie,2.7067685714285714,48.64584828571428,84.0,77
77457,Solers,2.724198260869565,48.65946369565217,89.0,77
77465,Thoury-Férottes,2.9417695384615388,48.30281707692308,78.7,77
77477,Ury,2.598492307692308,48.342860256410255,63.3,77
77487,Vaux-le-Pénil,2.6976919672131148,48.522408032786885,82.7,77
77493,Verneuil-l'Étang,2.828637380952381,48.63672904761905,85.3,77
77494,Vernou-la-Celle-sur-Seine,2.8579906250000002,48.40473921875,68.4,77
77501,Villecerf,2.852143859649123,48.32857736842105,64.2,77
77506,Villemer,2.8215905405405404,48.302902027027024,78.3,77
77531,Voulx,2.9725594827586206,48.28581344827587,90.0,77
77533,Vulaines-sur-Seine,2.777027222222222,48.42995944444445,67.0,77
77534,Yèbles,2.768486875,48.63808859375,86.4,77
77297,Mondreville,2.600694888888889,48.149828,83.2,77
77009,Arville,2.5543225641025638,48.18268717948718,78.5,77
77011,Aufferville,2.6046743103448278,48.20501034482759,63.0,77
77016,Bagneaux-sur-Loing,2.709309318181818,48.219204318181816,74.3,77
77027,Beaumont-du-Gâtinais,2.4815639215686276,48.138820196078434,80.8,77
77045,Bougligny,2.6688458823529415,48.19931980392157,75.7,77
77046,Boulancourt,2.4457338461538463,48.25897192307692,78.3,77
77050,Bransles,2.8275674545454548,48.15021345454545,93.0,77
77056,Burcy,2.5251306060606065,48.23087515151515,72.8,77
77071,Chaintreaux,2.812552688172043,48.192193548387095,84.2,77
77099,Château-Landon,2.6974548529411764,48.148136029411766,86.1,77
77102,Châtenoy,2.6310615,48.2319415,63.2,77
77110,Chenou,2.65131875,48.163717250000005,77.6,77
77112,Chevrainvilliers,2.603384054054054,48.244297567567564,63.2,77
77156,Darvault,2.725912162162162,48.27657324324324,62.8,77
77168,Égreville,2.8788032835820894,48.18686686567164,93.0,77
77178,Faÿ-lès-Nemours,2.658752727272727,48.22646681818182,66.4,77
77198,Fromont,2.506501621621622,48.254309189189186,75.1,77
77200,Garentreville,2.556697407407407,48.23430481481481,72.3,77
77207,Gironville,2.5306683018867924,48.16781169811321,75.8,77
77220,Guercheville,2.5554580769230766,48.25965230769231,76.8,77
77230,Ichy,2.541223846153846,48.203605,77.6,77
77261,Lorrez-le-Bocage-Préaux,2.8967409333333336,48.24074733333334,93.0,77
77267,La Madeleine-sur-Loing,2.699562558139535,48.20666860465116,72.8,77
77271,Maisoncelles-en-Gâtinais,2.6209721875,48.1835565625,80.5,77
77329,Nanteau-sur-Lunain,2.8166451923076923,48.25386153846154,85.6,77
77342,Obsonville,2.5675838888888887,48.21832333333333,78.5,77
77348,Ormesson,2.648848780487805,48.2447887804878,64.4,77
77353,Paley,2.8542794,48.2418894,86.1,77
77370,Poligny,2.7537896774193547,48.23740870967742,75.1,77
77387,Remauville,2.8234715384615385,48.220470769230765,84.6,77
77395,Rumont,2.49531875,48.27047666666667,76.4,77
77431,Saint-Pierre-lès-Nemours,2.666779722222222,48.2605175,70.1,77
77458,Souppes-sur-Loing,2.7472617808219177,48.18496534246575,80.0,77
77473,Treuzy-Levelay,2.7942793055555555,48.27262041666667,72.0,77
77489,Vaux-sur-Lunain,2.9583263076923076,48.214869692307694,93.0,77
77500,Villebéon,2.9261322033898303,48.20537186440678,93.0,77
77504,Villemaréchal,2.867472428571429,48.27135485714285,83.8,77
77035,Blennes,3.0098662857142857,48.241577285714285,90.4,77
77115,Chevry-en-Sereine,2.9613309589041092,48.24964109589041,91.2,77
78068,Blaru,1.4822756896551725,49.04213103448276,46.7,78
78344,Lommoye,1.5168756862745096,48.99714549019608,58.7,78
78082,Boissy-Mauvoisin,1.5831442424242426,48.96679757575758,66.8,78
78147,Chaufour-lès-Bonnières,1.4837741666666666,49.01684208333333,47.3,78
78188,Cravent,1.4837793023255814,48.989960930232556,56.6,78
78276,Gommecourt,1.5933439999999999,49.0730635,52.6,78
78559,Saint-Illiers-le-Bois,1.5108616666666668,48.963518,65.0,78
78668,La Villeneuve-en-Chevrie,1.5363879365079365,49.015905873015875,46.9,78
78057,Bennecourt,1.5654785714285715,49.046932857142856,54.2,78
78089,Bonnières-sur-Seine,1.5664577192982456,49.01546245614035,40.9,78
78107,Bréval,1.5447726229508196,48.95756213114754,62.7,78
78255,Freneuse,1.6060242222222223,49.04295444444444,67.5,78
78320,Notre-Dame-de-la-Mer,1.5403496551724138,49.03427344827587,42.7,78
78337,Limetz-Villez,1.5516344444444443,49.06510555555556,44.8,78
78385,Ménerville,1.596811851851852,48.95485925925926,59.0,78
78410,Moisson,1.6660702777777778,49.06927388888889,67.5,78
78444,Neauphlette,1.5416173684210528,48.93602578947368,61.6,78
78558,Saint-Illiers-la-Ville,1.5445358333333334,48.97822027777778,67.4,78
78586,Sartrouville,2.1791921621621624,48.93854756756757,52.1,78
78165,Les Clayes-sous-Bois,1.9836323529411766,48.81835529411765,62.4,78
78007,Aigremont,2.015878,48.9008012,35.8,78
78190,Croissy-sur-Seine,2.132424761904762,48.87862952380952,50.4,78
78124,Carrières-sur-Seine,2.178607096774194,48.91338677419355,62.5,78
78133,Chambourcy,2.029816285714286,48.899330285714285,29.7,78
78146,Chatou,2.151549117647059,48.89708352941176,43.3,78
78168,Coignières,1.9135151162790698,48.74977186046512,34.7,78
78208,Élancourt,1.961351052631579,48.7774947368421,46.3,78
78224,L'Étang-la-Ville,2.0647314285714287,48.868358,46.9,78
78297,Guyancourt,2.073930434782609,48.77394956521739,31.6,78
78311,Houilles,2.1875637500000003,48.92540291666666,64.2,78
78350,Louveciennes,2.114616842105263,48.860065,19.8,78
78356,Magny-les-Hameaux,2.0573405681818184,48.73834909090909,45.0,78
78358,Maisons-Laffitte,2.1473703448275865,48.95133724137931,55.8,78
78367,Mareil-Marly,2.0743336,48.8802388,50.4,78
78372,Marly-le-Roi,2.0914488,48.8676904,27.9,78
78383,Maurepas,1.9242344736842103,48.772749999999995,43.5,78
78396,Le Mesnil-le-Roi,2.1197933333333334,48.92720166666666,58.9,78
78418,Montesson,2.142277931034483,48.913003448275866,63.0,78
78423,Montigny-le-Bretonneux,2.028100909090909,48.77924254545455,37.4,78
78481,Le Pecq,2.103037777777778,48.891529166666665,42.7,78
78490,Plaisir,1.9496331147540984,48.81325721311475,34.6,78
78502,Le Port-Marly,2.107689523809524,48.88019428571428,34.5,78
78551,Saint-Germain-en-Laye,2.0972887755102043,48.93323744897959,44.1,78
78621,Trappes,1.9920846,48.775506400000005,24.8,78
78644,La Verrière,1.9517092592592593,48.753560740740745,31.5,78
78650,Le Vésinet,2.129866153846154,48.89437115384616,45.0,78
78674,Villepreux,2.014941836734694,48.83183653061224,46.9,78
78688,Voisins-le-Bretonneux,2.0477373529411764,48.75766264705882,23.7,78
78289,Grosrouvre,1.7555027027027026,48.77938621621622,54.4,78
78366,Mareil-le-Guyon,1.8512396296296296,48.79229185185185,43.8,78
78478,Paray-Douaville,1.8602025,48.458372727272724,46.9,78
78006,Adainville,1.6597021276595745,48.722378936170216,59.5,78
78071,Boinville-le-Gaillard,1.8736350000000002,48.495325,49.9,78
78125,La Celle-les-Bordes,1.9507868,48.644400133333335,34.4,78
78128,Cernay-la-Ville,1.9594068253968253,48.6687592063492,29.5,78
78283,Grandchamp,1.616023260869565,48.72034695652174,50.6,78
78302,La Hauteville,1.6274846666666667,48.70473766666667,56.5,78
78407,Mittainville,1.6325122222222221,48.66424311111112,41.1,78
78486,Le Perray-en-Yvelines,1.8447315384615384,48.691951025641025,37.7,78
78497,Poigny-la-Forêt,1.7498382222222224,48.677671333333336,33.0,78
78548,Saint-Forget,1.9970964285714286,48.713315238095234,45.2,78
78557,Saint-Hilarion,1.7230364406779661,48.62090050847458,29.1,78
78564,Saint-Martin-de-Bréthencourt,1.9186628787878788,48.51560106060606,51.2,78
78655,Vieille-Église-en-Yvelines,1.8782770588235294,48.66885980392157,37.7,78
78003,Ablis,1.852060579710145,48.529206376811594,33.8,78
78009,Allainville,1.90619359375,48.470251875,44.3,78
78030,Auffargis,1.9017428333333333,48.683155166666666,48.2,78
78077,La Boissière-École,1.6618801470588236,48.68873911764706,49.8,78
78087,Bonnelles,2.0287360714285714,48.616767321428576,43.5,78
78120,Bullion,1.9806163636363638,48.621252337662334,47.5,78
78160,Chevreuse,2.036674090909091,48.707487575757575,46.9,78
78162,Choisel,2.015460975609756,48.67694756097561,44.4,78
78164,Clairefontaine-en-Yvelines,1.9060015,48.61790283333333,24.5,78
78193,Dampierre-en-Yvelines,1.973526037735849,48.70685075471698,43.7,78
78209,Émancé,1.7370866666666667,48.59249333333334,37.7,78
78220,Les Essarts-le-Roi,1.9044235,48.714430500000006,38.7,78
78269,Gazeran,1.7807155913978494,48.6307370967742,21.1,78
78307,Hermeray,1.6912734939759035,48.652291445783135,40.9,78
78334,Lévis-Saint-Nom,1.937564642857143,48.72706071428571,44.8,78
78349,Longvilliers,2.0023907352941173,48.57636205882353,31.9,78
78406,Milon-la-Chapelle,2.0466027906976745,48.72848790697674,39.9,78
78464,Orcemont,1.8068993220338985,48.59778355932203,28.1,78
78470,Orphin,1.7849533898305086,48.57794847457627,19.5,78
78472,Orsonville,1.8222180434782609,48.47617195652174,42.7,78
78499,Ponthévrard,1.909690285714286,48.54859771428571,36.7,78
78506,Prunay-en-Yvelines,1.8048557746478873,48.51979507042254,29.9,78
78516,Raizeux,1.6838219696969696,48.63440984848485,34.2,78
78517,Rambouillet,1.8357938554216868,48.64943602409639,36.9,78
78522,Rochefort-en-Yvelines,1.9809970588235295,48.592929215686276,30.7,78
78537,Saint-Arnoult-en-Yvelines,1.9314785714285714,48.57246222222223,52.9,78
78569,Sainte-Mesme,1.9450808955223882,48.53582626865672,39.8,78
78575,Saint-Rémy-lès-Chevreuse,2.0785281355932206,48.70275322033898,41.0,78
78590,Senlisse,1.9743677551020409,48.68376795918367,47.9,78
78601,Sonchamp,1.8750844680851062,48.58348627659574,31.9,78
78034,Auteuil,1.82011,48.84198677419355,47.7,78
78084,Boissy-sans-Avoir,1.7958245161290323,48.82018225806451,40.3,78
78140,Chapet,1.9368415625,48.96677,31.7,78
78246,Fontenay-Saint-Père,1.7540778378378379,49.03068189189189,55.4,78
78290,Guernes,1.6430866666666668,49.018522380952376,67.5,78
78299,Hardricourt,1.8840571428571429,49.012262500000006,47.2,78
78314,Issou,1.7908167857142858,48.98692142857143,31.9,78
78451,Nézel,1.839641818181818,48.94165454545455,40.7,78
78501,Porcheville,1.766492272727273,48.973834545454544,24.9,78
78005,Achères,2.1050932835820895,48.973794925373134,52.2,78
78010,Les Alluets-le-Roi,1.9109711904761906,48.9139919047619,58.5,78
78013,Andelu,1.8132633333333334,48.886113333333334,48.9,78
78015,Andrésy,2.0503262,48.980479599999995,42.3,78
78020,Arnouville-lès-Mantes,1.7212811320754717,48.911334528301886,50.4,78
78029,Aubergenville,1.8470439285714286,48.96283571428571,32.8,78
78031,Auffreville-Brasseuil,1.7057514814814814,48.95519518518518,38.1,78
78033,Aulnay-sur-Mauldre,1.8411925,48.930147857142856,52.3,78
78036,Autouillet,1.7967396153846154,48.84395038461538,46.6,78
78043,Bailly,2.0767608108108107,48.83663621621621,35.0,78
78048,Bazainville,1.6671316981132076,48.81064886792453,50.7,78
78049,Bazemont,1.8761353658536584,48.93002853658537,53.4,78
78050,Bazoches-sur-Guyonne,1.8540272340425532,48.774888936170214,42.8,78
78053,Béhoust,1.7233084210526315,48.83237894736842,60.6,78
78062,Beynes,1.8696434375,48.8535190625,50.7,78
78070,Boinville-en-Mantois,1.74981125,48.929032,47.4,78
78072,Boinvilliers,1.6620603703703705,48.919729999999994,60.4,78
78073,Bois-d'Arcy,2.0220012,48.805556800000005,17.5,78
78092,Bougival,2.1368061904761904,48.86325214285714,35.5,78
78096,Bourdonné,1.6469390163934425,48.75578639344262,60.2,78
78104,Breuil-Bois-Robert,1.7142874358974358,48.945596153846154,41.4,78
78108,Les Bréviaires,1.8188314285714284,48.72352673469387,52.2,78
78113,Brueil-en-Vexin,1.812868536585366,49.02541853658536,36.7,78
78117,Buc,2.125574324324324,48.77311783783784,40.0,78
78118,Buchelay,1.6742720689655173,48.98302655172414,37.2,78
78123,Carrières-sous-Poissy,2.0283251612903226,48.9472835483871,39.8,78
78126,La Celle-Saint-Cloud,2.139221951219512,48.85127682926829,44.8,78
78138,Chanteloup-les-Vignes,2.0320796875,48.9760965625,35.8,78
78143,Châteaufort,2.0945606,48.7398128,30.0,78
78152,Chavenay,1.9818968292682926,48.84881170731707,46.3,78
78158,Le Chesnay-Rocquencourt,2.129508095238095,48.82843476190477,39.1,78
78163,Civry-la-Forêt,1.6164676086956522,48.863446304347825,61.5,78
78171,Condé-sur-Vesgre,1.6616929577464787,48.73300563380282,63.6,78
78172,Conflans-Sainte-Honorine,2.0963044444444443,48.999208055555556,43.7,78
78185,Courgent,1.65934,48.89602307692307,65.6,78
78189,Crespières,1.916158431372549,48.881478823529406,55.4,78
78192,Dammartin-en-Serve,1.6140637704918033,48.90744950819672,64.7,78
78196,Davron,1.94978875,48.8653921875,43.1,78
78202,Drocourt,1.7702576666666667,49.05314166666667,50.3,78
78206,Ecquevilly,1.9206617021276597,48.94962744680851,37.6,78
78217,Épône,1.8128346969696971,48.94667090909091,35.1,78
78227,Évecquemont,1.9411929411764708,49.01717147058824,51.6,78
78230,La Falaise,1.8253921875,48.937960000000004,40.0,78
78231,Favrieux,1.6415641666666667,48.945346666666666,55.5,78
78233,Feucherolles,1.976678163265306,48.879946734693874,46.8,78
78234,Flacourt,1.6449644827586207,48.932453448275865,60.4,78
78236,Flexanville,1.7422264150943394,48.855537735849055,52.3,78
78238,Flins-sur-Seine,1.872487804878049,48.96685414634146,17.5,78
78239,Follainville-Dennemont,1.7081033333333333,49.02449688888888,55.2,78
78242,Fontenay-le-Fleury,2.048179393939394,48.818179393939396,48.8,78
78245,Fontenay-Mauvoisin,1.648923142857143,48.96122257142857,51.8,78
78261,Gaillon-sur-Montcient,1.8980196875,49.0283778125,53.9,78
78262,Galluis,1.7904033333333333,48.79808757575758,45.9,78
78263,Gambais,1.6733416666666665,48.77656512820513,54.5,78
78264,Gambaiseuil,1.719098909090909,48.759221090909094,63.0,78
78265,Garancières,1.7598944897959183,48.8216706122449,53.7,78
78267,Gargenville,1.8112977272727273,48.99177590909091,31.4,78
78278,Goupillières,1.7643921875,48.87940875,51.8,78
78281,Goussonville,1.7669334210526315,48.925642894736846,49.4,78
78291,Guerville,1.7397987272727273,48.95267418181818,50.2,78
78296,Guitrancourt,1.779105641025641,49.00847769230769,38.6,78
78300,Hargeville,1.7454505555555555,48.89635333333334,56.5,78
78305,Herbeville,1.8887753846153845,48.903616410256404,54.3,78
78317,Jambville,1.846718125,49.050245625,50.0,78
78321,Jouars-Pontchartrain,1.9076274137931035,48.78740499999999,30.7,78
78322,Jouy-en-Josas,2.160362166666667,48.7628985,40.1,78
78324,Jouy-Mauvoisin,1.6457280769230769,48.974534999999996,42.8,78
78325,Jumeauville,1.7842048387096774,48.90797612903226,50.4,78
78327,Juziers,1.8400853333333331,49.001948666666664,48.5,78
78329,Lainville-en-Vexin,1.8160866666666668,49.060834871794874,57.9,78
78335,Limay,1.7401033333333333,48.99292261904762,41.9,78
78343,Les Loges-en-Josas,2.1396349999999997,48.76215166666666,35.0,78
78354,Magnanville,1.683088148148148,48.96767,38.3,78
78361,Mantes-la-Jolie,1.6963815151515151,48.99652090909091,39.4,78
78362,Mantes-la-Ville,1.7107953846153845,48.97383333333333,22.6,78
78364,Marcq,1.8248860606060606,48.86404,49.3,78
78368,Mareil-sur-Mauldre,1.8748058536585366,48.888830731707316,52.3,78
78380,Maule,1.8420164705882354,48.90995607843137,49.0,78
78381,Maulette,1.6120030645161292,48.78289951612903,50.1,78
78382,Maurecourt,2.0493506451612906,48.99781612903226,37.6,78
78384,Médan,1.9867703333333333,48.953033,42.0,78
78389,Méré,1.821137843137255,48.79411274509804,46.6,78
78391,Méricourt,1.6213926923076925,49.03558807692308,67.5,78
78397,Le Mesnil-Saint-Denis,1.9636835384615385,48.74022492307692,33.2,78
78398,Les Mesnuls,1.8331077777777776,48.755857500000005,50.1,78
78401,Meulan-en-Yvelines,1.9105013333333334,49.007936666666666,43.3,78
78402,Mézières-sur-Seine,1.7829484905660375,48.95041886792453,24.5,78
78403,Mézy-sur-Seine,1.8676355172413792,49.00466931034483,53.8,78
78404,Millemont,1.7271492307692309,48.808484615384614,49.9,78
78415,Montainville,1.8531865625,48.8800990625,53.4,78
78416,Montalet-le-Bois,1.8284381818181819,49.04546545454546,52.2,78
78417,Montchauvet,1.6296955737704917,48.89292918032787,67.0,78
78420,Montfort-l'Amaury,1.814360357142857,48.772220714285716,48.3,78
78431,Morainvilliers,1.9484585714285716,48.93419190476191,40.6,78
78437,Mousseaux-sur-Seine,1.6542723076923076,49.04923115384615,67.5,78
78439,Mulcent,1.651123870967742,48.879186129032256,66.5,78
78440,Les Mureaux,1.912569069767442,48.98359372093024,46.9,78
78442,Neauphle-le-Château,1.9035364,48.810918,43.6,78
78443,Neauphle-le-Vieux,1.86248679245283,48.81571075471698,45.9,78
78455,Noisy-le-Roi,2.0533878947368422,48.844936315789475,40.0,78
78460,Oinville-sur-Montcient,1.846913125,49.024055312499996,52.4,78
78465,Orgerus,1.6961480597014926,48.83595089552239,57.2,78
78466,Orgeval,1.9692556666666665,48.919351,28.9,78
78474,Orvilliers,1.6436737142857143,48.85745685714286,62.8,78
78475,Osmoy,1.718304782608696,48.863933478260876,56.9,78
78484,Perdreauville,1.6131900000000001,48.972466567164176,56.5,78
78498,Poissy,2.024033287671233,48.9226897260274,42.1,78
78505,Prunay-le-Temple,1.6705875,48.85859772727272,65.0,78
78513,La Queue-les-Yvelines,1.766335128205128,48.80327076923077,45.8,78
78518,Rennemoulin,2.042685,48.83317909090909,41.1,78
78520,Richebourg,1.6320472727272728,48.823977090909096,58.2,78
78531,Rosny-sur-Seine,1.6063503225806453,48.99578467741935,59.6,78
78536,Sailly,1.7925814814814816,49.045985925925926,52.6,78
78545,Saint-Cyr-l'École,2.064052857142857,48.80884571428572,32.1,78
78550,Saint-Germain-de-la-Grange,1.9032895,48.83393075,53.8,78
78561,Saint-Lambert,2.006629534883721,48.73271627906977,33.9,78
78562,Saint-Léger-en-Yvelines,1.7686537096774193,48.737124838709676,65.7,78
78565,Saint-Martin-des-Champs,1.7191134285714287,48.875895428571425,59.2,78
78567,Saint-Martin-la-Garenne,1.6702358620689657,49.033680000000004,55.0,78
78571,Saint-Nom-la-Bretèche,2.017660512820513,48.860040000000005,40.4,78
78576,Saint-Rémy-l'Honoré,1.8767798039215688,48.75002764705882,47.2,78
78588,Saulx-Marchais,1.8355445833333333,48.846326250000004,49.0,78
78591,Septeuil,1.679917,48.888422199999994,58.5,78
78597,Soindres,1.668978043478261,48.95381195652173,39.8,78
78605,Tacoignières,1.6650196774193549,48.83234129032258,63.1,78
78609,Tessancourt-sur-Aubette,1.9209046153846154,49.023049230769224,51.9,78
78615,Thiverval-Grignon,1.9301634375,48.84209078125,57.1,78
78616,Thoiry,1.7983245454545453,48.87081272727273,48.1,78
78620,Toussus-le-Noble,2.1185015625,48.7469309375,28.1,78
78623,Le Tremblay-sur-Mauldre,1.8769659459459458,48.78368891891892,45.7,78
78624,Triel-sur-Seine,2.0080041379310347,48.977938620689656,37.0,78
78638,Vaux-sur-Seine,1.9672975000000001,49.011058750000004,55.9,78
78640,Vélizy-Villacoublay,2.1990817073170734,48.78258512195122,59.4,78
78642,Verneuil-sur-Seine,1.964735625,48.982026562499996,58.8,78
78643,Vernouillet,1.9736465853658538,48.96661073170732,49.3,78
78646,Versailles,2.1267796923076925,48.80163753846154,42.3,78
78647,Vert,1.6826417647058824,48.94090470588235,42.3,78
78653,Vicq,1.8276684375,48.820885625,42.7,78
78672,Villennes-sur-Seine,1.9963415789473684,48.93803973684211,21.9,78
78677,Villette,1.6946240625,48.92491375,48.5,78
78681,Villiers-le-Mahieu,1.7719653333333332,48.854278666666666,52.5,78
78683,Villiers-Saint-Frédéric,1.882876923076923,48.820331025641025,51.7,78
78686,Viroflay,2.1707922580645165,48.80302193548387,56.9,78
78090,Bouafle,1.8973952380952381,48.960209761904764,24.9,78
78530,Rosay,1.6865109090909092,48.910409393939396,57.4,78
78606,Le Tartre-Gaudran,1.6029990625,48.6967075,50.6,78
78413,Mondreville,1.5539448571428571,48.90443114285714,55.3,78
78076,Boissets,1.5875483333333333,48.85870444444444,60.3,78
78194,Dannemarie,1.6072993333333334,48.76419433333333,55.8,78
78237,Flins-Neuve-Église,1.5782993333333333,48.89164066666667,61.5,78
78285,Gressey,1.6027771794871795,48.83393435897436,57.0,78
78310,Houdan,1.5980985507246377,48.79616782608696,53.8,78
78346,Longnes,1.5754157142857144,48.91987089285714,64.0,78
78528,Rolleboise,1.602216896551724,49.02011862068966,67.5,78
78608,Le Tertre-Saint-Denis,1.6057691304347828,48.9438,67.5,78
78618,Tilly,1.5740413333333334,48.87783911111111,51.9,78
91247,La Forêt-le-Roi,2.047296976744186,48.47618279069768,55.4,91
91553,Saint-Germain-lès-Corbeil,2.4908337037037036,48.6260862962963,29.6,91
91600,Soisy-sur-Seine,2.4649186666666667,48.65975433333333,48.6,91
91225,Étiolles,2.4821651219512195,48.645575853658535,27.6,91
91421,Montgeron,2.4594606382978723,48.69862170212766,51.7,91
91086,Bondoufle,2.3798141463414635,48.614622195121946,57.1,91
91589,Savigny-sur-Orge,2.3497328571428575,48.68509928571429,67.2,91
91135,Champcueil,2.4483119672131144,48.509231639344264,70.7,91
91179,Le Coudray-Montceaux,2.4856673333333332,48.5612585,41.7,91
91386,Mennecy,2.4368950000000003,48.559867000000004,53.1,91
91468,Ormoy,2.457601724137931,48.57491137931035,37.5,91
91021,Arpajon,2.2440455,48.58965175,59.5,91
91041,Avrainville,2.2447315789473685,48.55371684210527,54.0,91
91103,Brétigny-sur-Orge,2.303525892857143,48.600299285714286,69.8,91
91105,Breuillet,2.166899130434783,48.57373913043478,63.5,91
91115,Bruyères-le-Châtel,2.182494383561644,48.595613424657536,62.7,91
91156,Cheptainville,2.2746425,48.545681944444446,72.3,91
91207,Égly,2.2195110714285713,48.57890678571429,55.1,91
91292,Guibeville,2.274423103448276,48.56781896551724,61.5,91
91376,Marolles-en-Hurepoix,2.299199069767442,48.5643776744186,61.4,91
91457,La Norville,2.2656415,48.579794,68.0,91
91461,Ollainville,2.219960196078431,48.60487117647059,61.4,91
91494,Le Plessis-Pâté,2.342067906976744,48.605007441860465,50.8,91
91552,Saint-Germain-lès-Arpajon,2.265172888888889,48.59690888888889,57.2,91
91235,Fleury-Mérogis,2.36838,48.63386567567567,47.2,91
91333,Leuville-sur-Orge,2.268644347826087,48.61403565217392,56.0,91
91347,Longpont-sur-Orge,2.2865189189189192,48.63807108108108,58.2,91
91434,Morsang-sur-Orge,2.355645,48.658541250000006,59.9,91
91549,Sainte-Geneviève-des-Bois,2.3244117777777777,48.641022666666665,53.9,91
91570,Saint-Michel-sur-Orge,2.3148082352941177,48.63186,45.6,91
91667,Villemoisson-sur-Orge,2.329623076923077,48.66413307692308,55.4,91
91685,Villiers-sur-Orge,2.3003454999999997,48.6595475,54.1,91
91035,Authon-la-Plaine,1.9523145,48.4563055,59.2,91
91519,Richarville,2.0019924489795917,48.4693393877551,63.2,91
91022,Arrancourt,2.1527054545454547,48.326445909090914,63.9,91
91340,Lisses,2.4221108333333334,48.59390633333333,41.7,91
91114,Brunoy,2.50781,48.70066,50.8,91
91479,Paray-Vieille-Poste,2.3590178787878786,48.72347878787879,61.3,91
91687,Viry-Châtillon,2.3702565714285715,48.66818714285714,41.2,91
91374,Marolles-en-Beauce,2.208685813953488,48.36879046511628,53.8,91
91547,Saint-Escobille,1.956680425531915,48.42246723404255,72.3,91
91001,Abbéville-la-Rivière,2.189437702702703,48.34182716216217,62.6,91
91016,Angerville,2.006774456521739,48.306379456521746,58.5,91
91067,Blandy,2.258074358974359,48.321427692307694,69.0,91
91069,Boigneville,2.367347931034483,48.326504827586206,59.1,91
91075,Bois-Herpin,2.2408161904761905,48.37141904761905,60.4,91
91079,Boissy-la-Rivière,2.170633108108108,48.382663918918915,48.9,91
91081,Boissy-le-Sec,2.091959014084507,48.48476774647887,59.4,91
91098,Boutervilliers,2.0519684615384617,48.45540615384615,63.7,91
91099,Boutigny-sur-Essonne,2.3930596,48.433349799999995,56.9,91
91100,Bouville,2.2758541176470586,48.43298247058823,53.0,91
91106,Breux-Jouy,2.1597049999999998,48.55187382352941,63.0,91
91109,Brières-les-Scellés,2.142722272727273,48.46542181818182,51.9,91
91112,Brouy,2.2900579166666666,48.326548124999995,66.4,91
91121,Buno-Bonnevaux,2.408979523809524,48.35587365079365,57.0,91
91130,Chalo-Saint-Mars,2.0543446511627907,48.41580174418605,60.2,91
91131,Chalou-Moulineux,2.028605238095238,48.380755,56.7,91
91137,Champmotteux,2.31542,48.34370269230769,63.6,91
91145,Chatignonville,1.9337013888888888,48.46844166666667,59.0,91
91175,Corbreuse,1.9609178787878787,48.49740939393939,63.9,91
91180,Courances,2.484434444444444,48.438807555555556,54.6,91
91184,Courdimanche-sur-Essonne,2.357910612244898,48.41628897959184,59.6,91
91195,Dannemois,2.4661959523809522,48.45904904761905,57.1,91
91200,Dourdan,1.9890693203883496,48.53487533980583,62.0,91
91223,Étampes,2.1382024836601308,48.42245980392157,56.5,91
91240,Fontaine-la-Rivière,2.165828717948718,48.36160230769231,50.9,91
91248,La Forêt-Sainte-Croix,2.226773947368421,48.38440894736842,55.9,91
91273,Gironville-sur-Essonne,2.3442263333333333,48.36733016666667,61.5,91
91284,Les Granges-le-Roi,2.0111897727272727,48.49549159090909,56.0,91
91294,Guillerval,2.078495769230769,48.36424057692307,46.4,91
91359,Maisse,2.3708594736842104,48.397345921052626,58.7,91
91390,Le Mérévillois,2.0686370491803276,48.317635573770495,56.8,91
91393,Mérobert,1.9935072093023256,48.4164688372093,65.5,91
91399,Mespuits,2.278115882352941,48.359604705882354,61.6,91
91405,Milly-la-Forêt,2.4601264285714284,48.40229979591837,60.5,91
91408,Moigny-sur-École,2.4388670833333332,48.4370475,63.5,91
91412,Mondeville,2.417754827586207,48.48940206896552,63.2,91
91414,Monnerville,2.037335172413793,48.34838793103449,33.9,91
91433,Morigny-Champigny,2.205957802197802,48.438567362637365,57.1,91
91463,Oncy-sur-École,2.449653076923077,48.37741153846154,68.2,91
91469,Ormoy-la-Rivière,2.1618278260869563,48.40021695652174,44.4,91
91495,Plessis-Saint-Benoist,2.008119189189189,48.44504675675676,67.4,91
91507,Prunay-sur-Essonne,2.360015882352941,48.35225705882353,57.6,91
91508,Puiselet-le-Marais,2.2632921875,48.398184375,55.0,91
91511,Pussay,1.9974332558139534,48.352300232558136,53.8,91
91525,Roinville,2.053027692307692,48.51326211538461,59.5,91
91526,Roinvilliers,2.2347753703703703,48.34340074074074,53.8,91
91533,Saclas,2.114867125,48.3634985,51.8,91
91540,Saint-Chéron,2.1271682,48.5467458,56.2,91
91544,Saint-Cyr-la-Rivière,2.1383125454545455,48.35567454545455,52.3,91
91546,Saint-Cyr-sous-Dourdan,2.0366230434782606,48.56797434782609,46.0,91
91556,Saint-Hilaire,2.087976904761905,48.44215047619048,67.5,91
91593,Sermaise,2.0905442222222224,48.52956644444444,59.0,91
91599,Soisy-sur-École,2.47897350877193,48.479477543859645,57.6,91
91613,Congerville-Thionville,1.9912752173913042,48.38078391304348,62.1,91
91629,Valpuiseaux,2.302632,48.39263030769231,63.1,91
91630,Le Val-Saint-Germain,2.0842953703703704,48.571267777777784,53.6,91
91654,Videlles,2.421675714285714,48.4680281632653,57.9,91
91573,Saint-Pierre-du-Perray,2.512575094339623,48.60644245283019,60.3,91
91631,Varennes-Jarcy,2.56205,48.67997875,59.7,91
91435,Morsang-sur-Seine,2.500813076923077,48.57805230769231,70.8,91
91097,Boussy-Saint-Antoine,2.5343935483870967,48.69044387096774,52.7,91
91689,Wissous,2.3280178260869566,48.73215195652174,39.6,91
91560,Saint-Jean-de-Beauregard,2.1728319444444444,48.66617361111111,27.6,91
91204,Écharcon,2.400699756097561,48.57581024390244,51.6,91
91085,Boissy-sous-Saint-Yon,2.2127445000000003,48.54959275,54.0,91
91578,Saint-Sulpice-de-Favières,2.1767402631578947,48.535878157894736,60.7,91
91017,Angervilliers,2.058773829787234,48.59204659574468,53.0,91
91275,Gometz-le-Châtel,2.1429799999999997,48.67522722222222,33.6,91
91319,Janvry,2.158085306122449,48.64642244897959,41.2,91
91038,Auvers-Saint-Georges,2.228777205882353,48.47769441176471,57.8,91
91044,Ballainvilliers,2.291126153846154,48.67241,56.5,91
91080,Boissy-le-Cutté,2.2822742424242426,48.47033303030303,52.0,91
91093,Boullay-les-Troux,2.0517363414634144,48.67506902439025,49.5,91
91095,Bouray-sur-Juine,2.29572625,48.514088,69.9,91
91111,Briis-sous-Forges,2.1305172881355934,48.62642271186441,53.3,91
91122,Bures-sur-Yvette,2.1567112,48.691815999999996,52.6,91
91129,Cerny,2.3102709523809524,48.48720619047619,61.2,91
91132,Chamarande,2.221797741935484,48.51466774193548,56.3,91
91136,Champlan,2.2761596296296296,48.70742074074074,43.9,91
91148,Chauffour-lès-Étréchy,2.169843157894737,48.50623552631579,56.5,91
91161,Chilly-Mazarin,2.3091945714285713,48.70495628571428,38.6,91
91186,Courson-Monteloup,2.138911428571429,48.597598,57.7,91
91198,D'Huison-Longueville,2.326215593220339,48.45630966101695,50.8,91
91216,Épinay-sur-Orge,2.3170145714285715,48.66999942857143,58.8,91
91226,Étréchy,2.180615479452055,48.49480191780822,57.1,91
91243,Fontenay-lès-Briis,2.1653683823529413,48.61053779411765,54.4,91
91249,Forges-les-Bains,2.079656909090909,48.619578545454544,56.9,91
91272,Gif-sur-Yvette,2.131279294117647,48.697572,51.2,91
91274,Gometz-la-Ville,2.1075486764705884,48.67612911764706,33.7,91
91315,Itteville,2.3456126153846153,48.51461184615385,68.3,91
91318,Janville-sur-Juine,2.251505172413793,48.501941379310345,64.7,91
91330,Lardy,2.268261320754717,48.52638358490566,60.8,91
91332,Leudeville,2.3284624489795918,48.57058632653061,61.5,91
91338,Limours,2.0807453030303034,48.646804090909086,52.2,91
91339,Linas,2.2545442857142857,48.627298333333336,39.6,91
91345,Longjumeau,2.3027788095238093,48.691652380952384,59.0,91
91363,Marcoussis,2.2074759999999998,48.64535,67.1,91
91377,Massy,2.2696561363636363,48.72933522727272,38.2,91
91378,Mauchamps,2.1958195454545457,48.52951818181818,54.5,91
91411,Les Molières,2.0696378571428573,48.67118321428571,51.5,91
91425,Montlhéry,2.2687665714285714,48.64048285714286,41.3,91
91432,Morangis,2.334187142857143,48.70182785714286,53.2,91
91458,Nozay,2.2404467346938777,48.661629795918365,52.2,91
91471,Orsay,2.1875280769230767,48.697195,53.2,91
91473,Orveau,2.297177837837838,48.44907567567568,55.3,91
91477,Palaiseau,2.2275171698113208,48.71554603773585,56.9,91
91482,Pecqueuse,2.0368394,48.6475,54.6,91
91538,Saint-Aubin,2.1382035714285714,48.714705357142854,36.7,91
91568,Saint-Maurice-Montcouronne,2.11895578125,48.57912109375,57.1,91
91579,Saint-Vrain,2.322432,48.53705272727272,65.8,91
91581,Saint-Yon,2.1900786206896554,48.559725862068966,58.6,91
91587,Saulx-les-Chartreux,2.2636645,48.68692275,46.9,91
91602,Souzy-la-Briche,2.151313863636364,48.52742840909091,58.6,91
91619,Torfou,2.2335891666666665,48.531153749999994,58.5,91
91634,Vaugrigneuse,2.1046032352941175,48.60121470588235,58.7,91
91635,Vauhallan,2.2007015384615385,48.73156807692308,54.9,91
91661,Villebon-sur-Yvette,2.2370272916666667,48.695676666666664,44.1,91
91662,Villeconin,2.1276461904761903,48.496184761904765,56.2,91
91665,La Ville-du-Bois,2.2620883333333333,48.660711666666664,51.5,91
91666,Villejust,2.2205360975609754,48.67771317073171,36.7,91
91671,Villeneuve-sur-Auvers,2.2542486363636365,48.46568227272728,52.8,91
91679,Villiers-le-Bâcle,2.1189094594594593,48.72747972972973,41.3,91
91692,Les Ulis,2.1825900000000003,48.6803606557377,51.4,91
91312,Igny,2.22380756097561,48.73678048780488,44.4,91
91064,Bièvres,2.2082416,48.7603498,44.5,91
91534,Saclay,2.1669294545454547,48.73444581818182,38.1,91
91645,Verrières-le-Buisson,2.252752692307692,48.75020211538462,50.5,91
91191,Crosne,2.4637630303030305,48.72117090909091,55.5,91
91027,Athis-Mons,2.386405227272727,48.71144204545454,58.4,91
91037,Auvernaux,2.486504375,48.5275225,53.6,91
91045,Ballancourt-sur-Essonne,2.3857142857142857,48.52445979591837,64.9,91
91047,Baulne,2.3827418333333332,48.492521333333336,58.0,91
91159,Chevannes,2.442801818181818,48.532773409090915,66.6,91
91174,Corbeil-Essonnes,2.468429846153846,48.599417076923075,62.5,91
91201,Draveil,2.4248264705882354,48.67913941176471,57.0,91
91215,Épinay-sous-Sénart,2.518357,48.690513,51.2,91
91232,La Ferté-Alais,2.3635971052631577,48.480323947368426,54.3,91
91244,Fontenay-le-Vicomte,2.3994209375,48.5475825,61.4,91
91293,Guigneville-sur-Essonne,2.367577804878049,48.46466073170731,54.7,91
91441,Nainville-les-Roches,2.495297142857143,48.506713714285716,60.9,91
91514,Quincy-sous-Sénart,2.5327276666666667,48.673236333333335,37.7,91
91577,Saintry-sur-Seine,2.4947111538461537,48.59416115384616,71.9,91
91617,Tigery,2.5207864864864864,48.64446108108108,27.6,91
91639,Vayres-sur-Essonne,2.347537884615385,48.43168442307693,48.6,91
91649,Vert-le-Petit,2.3678464999999997,48.5513615,64.7,91
91659,Villabé,2.454344,48.585626857142856,37.9,91
91228,Évry-Courcouronnes,2.4380974285714285,48.62793857142857,46.8,91
91286,Grigny,2.38637875,48.65450333333334,55.7,91
91326,Juvisy-sur-Orge,2.372164285714286,48.691361071428574,58.2,91
91521,Ris-Orangis,2.4048366666666667,48.642466666666664,65.3,91
91648,Vert-le-Grand,2.367829027777778,48.583765138888886,59.7,91
91657,Vigneux-sur-Seine,2.43211825,48.70362825,67.3,91
91691,Yerres,2.489516923076923,48.71327096153846,53.4,91
92004,Asnières-sur-Seine,2.2878269230769233,48.916454615384616,12.2,92
92014,Bourg-la-Reine,2.3168665,48.780423,24.1,92
92024,Clichy,2.3076235294117646,48.90457176470588,4.6,92
92036,Gennevilliers,2.289319069767442,48.93300930232558,9.6,92
92049,Montrouge,2.318779090909091,48.81405818181818,12.2,92
92078,Villeneuve-la-Garenne,2.323751,48.935446,28.5,92
92002,Antony,2.29967431372549,48.74910294117647,30.7,92
92007,Bagneux,2.309164074074074,48.79914,7.3,92
92075,Vanves,2.283945,48.820558125,19.0,92
92032,Fontenay-aux-Roses,2.2840028,48.789768800000004,21.0,92
92047,Marnes-la-Coquette,2.166285238095238,48.828451428571434,20.6,92
92009,Bois-Colombes,2.2660113636363635,48.91446454545455,9.8,92
92012,Boulogne-Billancourt,2.2380624,48.836928799999995,21.6,92
92019,Châtenay-Malabry,2.2594725490196077,48.76869666666666,38.0,92
92020,Châtillon,2.2884093333333335,48.80378733333334,7.6,92
92022,Chaville,2.1902448148148146,48.80806888888889,14.2,92
92023,Clamart,2.2533266666666667,48.79611549019608,31.0,92
92025,Colombes,2.2500150000000003,48.922522058823525,28.1,92
92026,Courbevoie,2.2588670967741935,48.89994870967742,8.9,92
92033,Garches,2.1873512,48.845608,28.4,92
92035,La Garenne-Colombes,2.246325625,48.90692625,7.9,92
92040,Issy-les-Moulineaux,2.2630809375,48.8232425,22.2,92
92044,Levallois-Perret,2.2859000000000003,48.895563333333335,3.1,92
92046,Malakoff,2.2915182352941175,48.814339411764706,14.7,92
92048,Meudon,2.2270704545454545,48.80529113636363,31.8,92
92050,Nanterre,2.2106879487179487,48.89670256410256,25.9,92
92051,Neuilly-sur-Seine,2.261763888888889,48.88419555555556,10.5,92
92060,Le Plessis-Robinson,2.259781935483871,48.78043,30.5,92
92062,Puteaux,2.2372804,48.884018,20.4,92
92063,Rueil-Malmaison,2.175909607843137,48.867440196078434,26.8,92
92064,Saint-Cloud,2.2075299999999998,48.842209999999994,34.0,92
92071,Sceaux,2.2968588,48.7773628,29.6,92
92072,Sèvres,2.2081953333333333,48.82205244444445,40.9,92
92073,Suresnes,2.2156838709677418,48.86945290322581,28.6,92
92076,Vaucresson,2.1613868,48.8413936,23.0,92
92077,Ville-d'Avray,2.1768854545454546,48.82166242424242,20.7,92
93015,Coubron,2.576389705882353,48.918040294117645,72.7,93
93031,Épinay-sur-Seine,2.3172827586206894,48.95480965517241,51.4,93
93001,Aubervilliers,2.387395666666667,48.91560333333334,44.4,93
93006,Bagnolet,2.4243870833333334,48.869047916666666,58.8,93
93008,Bobigny,2.4410555263157896,48.90982921052631,71.3,93
93010,Bondy,2.4844861538461536,48.904354102564106,60.2,93
93014,Clichy-sous-Bois,2.544604516129032,48.90903,62.7,93
93027,La Courneuve,2.4000049999999997,48.93209869565218,61.6,93
93029,Drancy,2.4493159523809522,48.92385380952381,64.2,93
93032,Gagny,2.54585,48.88337319148936,59.1,93
93033,Gournay-sur-Marne,2.5755814285714287,48.860793809523805,64.9,93
93039,L'Île-Saint-Denis,2.3246906451612905,48.93632129032258,52.6,93
93045,Les Lilas,2.419994,48.8820556,55.2,93
93046,Livry-Gargan,2.533857818181818,48.92016145454546,59.8,93
93047,Montfermeil,2.566554210526316,48.89616,61.7,93
93048,Montreuil,2.4481362962962967,48.86414314814815,51.4,93
93049,Neuilly-Plaisance,2.5096036111111113,48.862943333333334,48.1,93
93050,Neuilly-sur-Marne,2.539823902439024,48.86371048780487,61.3,93
93051,Noisy-le-Grand,2.5622507017543863,48.83480649122807,60.3,93
93053,Noisy-le-Sec,2.4579217142857144,48.88973514285715,54.9,93
93055,Pantin,2.4110644999999997,48.89907475,48.6,93
93057,Les Pavillons-sous-Bois,2.503017037037037,48.90684777777778,59.2,93
93062,Le Raincy,2.5184885,48.895641499999996,61.1,93
93063,Romainville,2.4383424324324325,48.88393378378378,52.1,93
93066,Saint-Denis,2.363072923076923,48.93276523076923,50.6,93
93071,Sevran,2.5315781818181815,48.93670159090909,72.1,93
93072,Stains,2.3858365625,48.95537,53.9,93
93073,Tremblay-en-France,2.5515686956521737,48.97891489130434,77.1,93
93074,Vaujours,2.578581388888889,48.93280166666667,71.7,93
93077,Villemomble,2.5056717948717946,48.8855841025641,53.4,93
93078,Villepinte,2.5390156,48.9578576,76.2,93
93079,Villetaneuse,2.3472577777777777,48.95819222222222,46.8,93
93005,Aulnay-sous-Bois,2.4920389655172417,48.94319896551724,66.7,93
93007,Le Blanc-Mesnil,2.462157916666667,48.93647000000001,70.1,93
93013,Le Bourget,2.427111071428571,48.93649285714286,74.3,93
93030,Dugny,2.4215287096774194,48.95062064516129,61.7,93
93061,Le Pré-Saint-Gervais,2.405612666666667,48.88485266666667,45.3,93
93064,Rosny-sous-Bois,2.487141627906977,48.87340441860466,68.7,93
93070,Saint-Ouen-sur-Seine,2.33405875,48.91010083333333,43.4,93
94001,Ablon-sur-Seine,2.4206944444444445,48.724651111111115,31.8,94
94018,Charenton-le-Pont,2.407614,48.822501333333335,37.9,94
94019,Chennevières-sur-Marne,2.54037025,48.79671075,26.4,94
94022,Choisy-le-Roi,2.421938125,48.7632128125,28.8,94
94041,Ivry-sur-Seine,2.387966,48.80924,26.4,94
94046,Maisons-Alfort,2.4394182758620686,48.804026551724135,26.4,94
94053,Noiseau,2.557724857142857,48.77359885714285,31.8,94
94054,Orly,2.398889574468085,48.74344446808511,61.5,94
94055,Ormesson-sur-Marne,2.5387519444444444,48.785885,26.4,94
94059,Le Plessis-Trévise,2.5732967647058826,48.80792970588236,45.4,94
94060,La Queue-en-Brie,2.5837010447761193,48.7767423880597,49.8,94
94068,Saint-Maur-des-Fossés,2.493355294117647,48.79953852941177,26.4,94
94069,Saint-Maurice,2.4433790909090907,48.817701818181824,26.4,94
94074,Valenton,2.4623593617021275,48.7504070212766,39.6,94
94077,Villeneuve-le-Roi,2.40841537037037,48.73129648148148,41.7,94
94078,Villeneuve-Saint-Georges,2.450577543859649,48.736805964912286,37.7,94
94081,Vitry-sur-Seine,2.389078148148148,48.78943314814815,46.4,94
94002,Alfortville,2.420515652173913,48.79516652173913,26.4,94
94004,Boissy-Saint-Léger,2.524156875,48.7487921875,34.6,94
94011,Bonneuil-sur-Marne,2.4886079545454547,48.773407500000005,26.4,94
94015,Bry-sur-Marne,2.521079444444444,48.836391388888885,26.4,94
94017,Champigny-sur-Marne,2.521052641509434,48.81798641509434,26.4,94
94034,Fresnes,2.326922068965517,48.75655379310344,38.6,94
94042,Joinville-le-Pont,2.46921,48.81852769230769,26.4,94
94043,Le Kremlin-Bicêtre,2.3565449999999997,48.808033,44.0,94
94044,Limeil-Brévannes,2.4889458333333336,48.74610277777778,28.9,94
94048,Marolles-en-Brie,2.5545993333333334,48.739353,57.9,94
94052,Nogent-sur-Marne,2.4775344444444443,48.836343703703704,31.4,94
94058,Le Perreux-sur-Marne,2.5058689285714286,48.84399214285714,27.4,94
94067,Saint-Mandé,2.419759375,48.842224375,37.5,94
94070,Santeny,2.5760684210526317,48.73296964912281,57.2,94
94071,Sucy-en-Brie,2.536386923076923,48.76789892307693,26.4,94
94079,Villiers-sur-Marne,2.5470602631578947,48.82559947368421,30.9,94
94080,Vincennes,2.438836956521739,48.84774652173913,35.2,94
94003,Arcueil,2.3349573333333336,48.80527433333334,43.0,94
94016,Cachan,2.3330522727272727,48.79038454545454,60.9,94
94021,Chevilly-Larue,2.3480685294117647,48.76614264705883,56.3,94
94028,Créteil,2.455187818181818,48.78081854545455,26.4,94
94033,Fontenay-sous-Bois,2.4749415217391304,48.8506897826087,37.2,94
94037,Gentilly,2.3427961111111113,48.812865555555554,38.3,94
94038,L'Haÿ-les-Roses,2.3390150000000003,48.776430227272726,62.4,94
94065,Rungis,2.3493410000000003,48.74942266666667,52.2,94
94073,Thiais,2.385613333333333,48.759638333333335,43.3,94
94076,Villejuif,2.359807435897436,48.79303512820513,59.2,94
94056,Périgny,2.5588446875,48.697124375,40.9,94
94047,Mandres-les-Roses,2.5480466666666666,48.70612944444444,39.9,94
94075,Villecresnes,2.532256857142857,48.719476285714286,42.4,94
95063,Bezons,2.2087867741935487,48.92723,72.8,95
95059,Berville,2.0725156603773582,49.194621509433965,87.6,95
95119,Buhy,1.7030966,49.191741199999996,72.1,95
95139,La Chapelle-en-Vexin,1.726272,49.18407633333334,74.9,95
95541,Saint-Clair-sur-Epte,1.6992764367816093,49.21114413793103,69.6,95
95612,Le Thillay,2.466812580645161,49.00484612903226,62.8,95
95052,Beaumont-sur-Oise,2.2997451219512195,49.139486097560976,69.5,95
95149,Chaumontel,2.4336333333333333,49.12866690476191,63.1,95
95288,Groslay,2.351708076923077,48.98449769230769,63.1,95
95365,Mareil-en-France,2.418982121212121,49.06968151515151,56.9,95
95652,Viarmes,2.381921346153846,49.12401346153846,62.7,95
95660,Villaines-sous-Bois,2.3521661111111114,49.07528055555556,45.7,95
95682,Villiers-le-Sec,2.3844364705882355,49.07338764705882,39.3,95
95019,Arnouville,2.4163541379310343,48.98615896551724,75.4,95
95026,Asnières-sur-Oise,2.3798905970149256,49.14106955223881,65.4,95
95028,Attainville,2.348345,49.06300076923076,39.3,95
95042,Baillet-en-France,2.2998925,49.059669791666664,46.6,95
95055,Bellefontaine,2.467645098039216,49.09384980392157,69.4,95
95056,Belloy-en-France,2.370753846153846,49.09189051282051,56.7,95
95088,Bonneuil-en-France,2.434093333333333,48.96588606060607,62.2,95
95091,Bouffémont,2.2985076666666666,49.04188833333333,58.4,95
95094,Bouqueval,2.4272648,49.02350679999999,61.8,95
95116,Bruyères-sur-Oise,2.329777142857143,49.16135309523809,66.6,95
95144,Châtenay-en-France,2.458418620689655,49.06525586206896,67.3,95
95154,Chennevières-lès-Louvres,2.5464965957446806,49.04093574468085,69.0,95
95197,Deuil-la-Barre,2.3266005882352943,48.97137794117647,71.5,95
95199,Domont,2.3202582608695654,49.0285097826087,75.9,95
95205,Écouen,2.3822449999999997,49.022801666666666,76.4,95
95210,Enghien-les-Bains,2.3037181818181818,48.97023000000001,75.5,95
95212,Épiais-lès-Louvres,2.5477612820512823,49.03233358974359,62.0,95
95214,Épinay-Champlâtreux,2.407886875,49.09112,41.4,95
95229,Ézanville,2.3630116129032257,49.03695677419355,81.4,95
95241,Fontenay-en-Parisis,2.447863653846154,49.048479615384615,46.7,95
95250,Fosses,2.5037062068965517,49.099091379310345,76.0,95
95268,Garges-lès-Gonesse,2.409551818181818,48.969844242424244,71.6,95
95277,Gonesse,2.4589593333333335,48.986430266666666,57.8,95
95280,Goussainville,2.467833829787234,49.027040212765954,78.0,95
95316,Jagny-sous-Bois,2.443845813953488,49.08190999999999,67.1,95
95331,Lassy,2.4372340909090906,49.093338181818176,61.2,95
95351,Louvres,2.5015464705882353,49.04124803921569,73.1,95
95352,Luzarches,2.4319905607476633,49.117873925233646,60.9,95
95353,Maffliers,2.314714705882353,49.083853137254906,67.2,95
95371,Marly-la-Ville,2.504881052631579,49.08136526315789,68.9,95
95395,Le Mesnil-Aubry,2.3942159259259257,49.053575925925934,47.2,95
95409,Moisselles,2.335919565217391,49.04655434782609,43.9,95
95427,Montmagny,2.3444926470588237,48.969294705882355,69.2,95
95428,Montmorency,2.3180169811320757,48.99339849056604,67.5,95
95430,Montsoult,2.2996638,49.0718022,68.3,95
95456,Noisy-sur-Oise,2.3264996,49.1365268,66.6,95
95489,Piscop,2.3404435714285716,49.01719928571429,58.7,95
95492,Le Plessis-Gassot,2.4147688,49.0334904,52.2,95
95493,Le Plessis-Luzarches,2.455715,49.095821666666666,60.9,95
95504,Presles,2.2888735714285713,49.10871267857143,67.9,95
95509,Puiseux-en-France,2.4896274999999997,49.06904611111111,76.2,95
95527,Roissy-en-France,2.5183598360655735,49.00382081967213,57.7,95
95539,Saint-Brice-sous-Forêt,2.3495272093023254,49.000875581395356,63.5,95
95566,Saint-Martin-du-Tertre,2.336353448275862,49.09956551724138,82.0,95
95580,Saint-Witz,2.5526860344827584,49.08592155172414,75.1,95
95585,Sarcelles,2.379058604651163,48.995043255813954,69.2,95
95594,Seugy,2.3958033333333333,49.12231857142857,66.9,95
95598,Soisy-sous-Montmorency,2.3040645945945943,48.988305135135136,66.4,95
95604,Survilliers,2.5471055555555555,49.10665916666667,67.0,95
95633,Vaudherland,2.4862775,49.00041,54.6,95
95641,Vémars,2.5685057627118644,49.06210525423729,67.4,95
95675,Villeron,2.53729475,49.0587995,76.0,95
95680,Villiers-le-Bel,2.403221,49.00715875,73.2,95
95252,Franconville,2.2248712903225805,48.98700483870968,66.1,95
95529,Ronquerolles,2.20898,49.169446785714285,70.2,95
95014,Andilly,2.3022257575757576,49.00885,64.8,95
95061,Béthemont-la-Forêt,2.2491060714285713,49.05639,47.8,95
95074,Boisemont,2.0050433333333335,49.01929055555556,70.3,95
95183,Courdimanche,1.9999282352941175,49.03980264705882,72.7,95
95219,Ermont,2.257854666666667,48.98723766666667,62.0,95
95450,Neuville-sur-Oise,2.0624045161290323,49.01867387096774,57.9,95
95306,Herblay-sur-Seine,2.1479560975609755,49.004533414634146,69.7,95
95369,Margency,2.288915,49.001040625,62.6,95
95426,Montlignon,2.2892285185185184,49.0144237037037,69.3,95
95574,Saint-Prix,2.272246857142857,49.01683257142857,55.3,95
95656,Vienne-en-Arthies,1.7226030303030304,49.06625848484848,86.2,95
95002,Ableiges,1.9769700000000001,49.086527636363634,59.1,95
95008,Aincourt,1.7708785714285715,49.07069357142857,77.5,95
95011,Ambleville,1.6966979166666667,49.15157625,76.0,95
95012,Amenucourt,1.6428131666666665,49.1067435,71.3,95
95018,Argenteuil,2.243426379310345,48.95318551724138,78.0,95
95024,Arthies,1.800490930232558,49.09293488372093,79.5,95
95039,Auvers-sur-Oise,2.1513543859649125,49.08046105263158,73.2,95
95040,Avernes,1.8678161764705883,49.08994588235294,76.3,95
95046,Banthelu,1.8159046666666667,49.12768822222222,85.1,95
95051,Beauchamp,2.195085,49.01367888888889,54.0,95
95058,Bernes-sur-Oise,2.3014535294117646,49.167877352941176,67.0,95
95060,Bessancourt,2.1990525,49.03887333333333,49.3,95
95078,Boissy-l'Aillerie,2.0329186842105265,49.084272368421054,70.9,95
95101,Bray-et-Lû,1.666537027027027,49.14294621621622,76.4,95
95102,Bréançon,2.022181923076923,49.14815442307692,87.6,95
95110,Brignancourt,1.9434482142857143,49.140260714285716,83.9,95
95120,Butry-sur-Oise,2.189876,49.083683199999996,72.2,95
95134,Champagne-sur-Oise,2.226260652173913,49.14292586956522,68.6,95
95141,Charmont,1.7894119047619046,49.13726261904762,79.1,95
95142,Chars,1.930134117647059,49.15823294117647,84.5,95
95150,Chaussy,1.7008263461538462,49.11394115384615,81.8,95
95151,Chauvry,2.2683931707317075,49.05755146341463,48.8,95
95157,Chérence,1.6832671794871794,49.09111205128205,80.1,95
95166,Cléry-en-Vexin,1.8469497368421053,49.130884736842106,72.3,95
95169,Commeny,1.8889171428571427,49.1273119047619,74.1,95
95170,Condécourt,1.939901891891892,49.037504594594594,67.4,95
95177,Cormeilles-en-Vexin,2.018056551724138,49.113245,83.4,95
95181,Courcelles-sur-Viosne,1.9977726086956522,49.07321608695652,62.6,95
95203,Eaubonne,2.277580285714286,48.991513714285716,69.8,95
95211,Ennery,2.1079975609756096,49.07457048780488,73.8,95
95213,Épiais-Rhus,2.0728383333333333,49.12503766666667,84.2,95
95218,Éragny-sur-Oise,2.10122962962963,49.02113518518518,52.7,95
95253,Frémainville,1.8668602127659575,49.066012127659576,65.5,95
95254,Frémécourt,1.9959432352941178,49.12313558823529,81.0,95
95256,Frépillon,2.200537619047619,49.049077619047615,39.4,95
95257,La Frette-sur-Seine,2.1786684,48.9724976,64.0,95
95258,Frouville,2.1461282222222224,49.15690288888889,84.8,95
95270,Genainville,1.7534710204081632,49.11772408163266,81.3,95
95271,Génicourt,2.060472173913044,49.09528956521739,74.4,95
95287,Grisy-les-Plâtres,2.049104222222222,49.1269431111111,83.3,95
95295,Guiry-en-Vexin,1.8542019047619047,49.117249047619055,83.6,95
95298,Haravilliers,2.0371370212765956,49.17469872340426,87.9,95
95301,Haute-Isle,1.664848064516129,49.08248677419355,87.9,95
95304,Hédouville,2.1778749019607844,49.159602941176466,81.1,95
95308,Hérouville-en-Vexin,2.12914,49.10495395348837,74.6,95
95313,L'Isle-Adam,2.237241224489796,49.10566428571428,68.2,95
95323,Jouy-le-Moutier,2.0310958333333335,49.011685,71.3,95
95328,Labbeville,2.132281886792453,49.13733471698114,77.9,95
95341,Livilliers,2.091236666666667,49.09986205128205,72.8,95
95348,Longuesse,1.929923695652174,49.06270260869565,69.1,95
95370,Marines,1.9829834,49.149966000000006,87.3,95
95379,Maudétour-en-Vexin,1.7766405882352942,49.111205294117646,85.7,95
95387,Menouville,2.110393125,49.153470937499996,86.2,95
95388,Menucourt,1.9752133333333333,49.027464074074075,64.9,95
95392,Mériel,2.212650714285714,49.07781392857142,62.6,95
95394,Méry-sur-Oise,2.1699264583333333,49.05448604166667,49.9,95
95422,Montgeroult,2.0059344444444442,49.090715833333334,63.3,95
95424,Montigny-lès-Cormeilles,2.1924675,48.99234392857143,39.3,95
95436,Mours,2.2610585185185186,49.13020851851852,59.7,95
95438,Moussy,1.904030303030303,49.134917878787874,77.2,95
95445,Nerville-la-Forêt,2.280246176470588,49.09122411764706,59.5,95
95446,Nesles-la-Vallée,2.1722335999999998,49.127171999999995,74.7,95
95452,Nointel,2.289480833333333,49.129713333333335,72.2,95
95462,Omerville,1.7229230357142857,49.141188750000005,80.2,95
95476,Osny,2.0636427659574466,49.06576106382978,60.0,95
95480,Parmain,2.1995037931034482,49.120575,69.9,95
95483,Le Perchay,1.9266067647058824,49.11798676470588,68.4,95
95487,Persan,2.2656316129032255,49.14812677419355,65.2,95
95488,Pierrelaye,2.162294,49.0189376,39.3,95
95491,Le Plessis-Bouchard,2.233867857142857,49.003207857142854,61.8,95
95500,Pontoise,2.096483272727273,49.05146781818182,79.1,95
95510,Puiseux-Pontoise,2.0160780645161287,49.06503,54.9,95
95523,La Roche-Guyon,1.636404347826087,49.09014695652174,75.9,95
95535,Sagy,1.9663085714285713,49.05337952380952,62.1,95
95543,Saint-Cyr-en-Arthies,1.7421,49.06065266666667,78.2,95
95555,Saint-Gratien,2.28379375,48.9690675,65.8,95
95563,Saint-Leu-la-Forêt,2.244850714285714,49.01896178571428,71.3,95
95572,Saint-Ouen-l'Aumône,2.13021375,49.04571708333333,52.0,95
95582,Sannois,2.25240375,48.97236125,67.4,95
95584,Santeuil,1.9567351282051282,49.129697435897434,76.2,95
95592,Seraincourt,1.8772437288135593,49.03940813559322,66.4,95
95607,Taverny,2.2217133333333337,49.029168222222225,69.0,95
95610,Théméricourt,1.902243,49.087208,67.2,95
95625,Us,1.9553588636363637,49.10375522727273,73.7,95
95627,Vallangoujard,2.1044498076923075,49.135354423076926,79.6,95
95628,Valmondois,2.1838428571428574,49.098104285714285,82.0,95
95637,Vauréal,2.0285508333333335,49.02904458333333,78.9,95
95651,Vétheuil,1.70881575,49.06165425,78.4,95
95658,Vigny,1.9304680555555553,49.07993194444444,73.5,95
95676,Villers-en-Arthies,1.7328548571428573,49.083408,81.4,95
95678,Villiers-Adam,2.239138983050847,49.067154915254235,45.9,95
95690,Wy-dit-Joli-Village,1.825091111111111,49.096269111111106,83.3,95
95023,Arronville,2.117287466666667,49.176069733333335,84.3,95
95054,Le Bellay-en-Vexin,1.8784141666666667,49.14845666666667,80.1,95
95127,Cergy,2.05010625,49.03898392857143,57.4,95
95176,Cormeilles-en-Parisis,2.19812875,48.96829229166667,62.3,95
95303,Le Heaulme,1.9989885,49.1674255,89.1,95
95309,Hodent,1.7621893548387098,49.141986129032254,76.9,95
95355,Magny-en-Vexin,1.8073353086419752,49.16083592592592,77.4,95
95429,Montreuil-sur-Epte,1.6864172916666667,49.17169041666667,80.2,95
95447,Neuilly-en-Vexin,1.9820143333333333,49.17275966666667,88.9,95
95459,Nucourt,1.8545197560975608,49.15867097560975,71.4,95
95554,Saint-Gervais,1.7615529032258064,49.166813387096774,76.1,95
95611,Theuville,2.0684245945945947,49.15640513513514,88.2,95
